sample_id,person,video_path,output_csv,status,original_fps,total_video_frames,extracted_rows,detected_rows,failed_rows,detection_rate,error
hoyeon_fall_normal_01,hoyeon,/content/carewave-round4-source/carewave_dataset/raw/videos/hoyeon/hoyeon_fall_normal_01.mp4,/content/drive/MyDrive/CareWave_Round4_Reextract/pose/hoyeon_fall_normal_01_pose.csv,completed,23.993322203672786,3593,1498,1495,3,99.79973297730307,
hoyeon_free_activity_normal_01,hoyeon,/content/carewave-round4-source/carewave_dataset/raw/videos/hoyeon/hoyeon_free_activity_normal_01.mp4,/content/drive/MyDrive/CareWave_Round4_Reextract/pose/hoyeon_free_activity_normal_01_pose.csv,completed,29.99833957530026,5420,1807,1807,0,100.0,
hoyeon_lie_down_normal_01,hoyeon,/content/carewave-round4-source/carewave_dataset/raw/videos/hoyeon/hoyeon_lie_down_normal_01.mp4,/content/drive/MyDrive/CareWave_Round4_Reextract/pose/hoyeon_lie_down_normal_01_pose.csv,completed,29.998329404339835,5387,1796,1796,0,100.0,
hoyeon_sit_normal_01,hoyeon,/content/carewave-round4-source/carewave_dataset/raw/videos/hoyeon/hoyeon_sit_normal_01.mp4,/content/drive/MyDrive/CareWave_Round4_Reextract/pose/hoyeon_sit_normal_01_pose.csv,completed,29.998761746213006,3634,1212,1212,0,100.0,
hoyeon_stand_normal_01,hoyeon,/content/carewave-round4-source/carewave_dataset/raw/videos/hoyeon/hoyeon_stand_normal_01.mp4,/content/drive/MyDrive/CareWave_Round4_Reextract/pose/hoyeon_stand_normal_01_pose.csv,completed,29.998360745314464,3660,1220,1220,0,100.0,
hoyeon_walk_large_motion_01,hoyeon,/content/carewave-round4-source/carewave_dataset/raw/videos/hoyeon/hoyeon_walk_large_motion_01.mp4,/content/drive/MyDrive/CareWave_Round4_Reextract/pose/hoyeon_walk_large_motion_01_pose.csv,completed,29.998334967531868,5405,1802,1802,0,100.0,
hoyeon_walk_normal_01,hoyeon,/content/carewave-round4-source/carewave_dataset/raw/videos/hoyeon/hoyeon_walk_normal_01.mp4,/content/drive/MyDrive/CareWave_Round4_Reextract/pose/hoyeon_walk_normal_01_pose.csv,completed,29.998341258431935,3617,1206,1206,0,100.0,
sujin_bending_normal_02,sujin,/content/carewave-round4-source/carewave_dataset/raw/videos/sujin/sujin_bending_normal_02.mp4,/content/drive/MyDrive/CareWave_Round4_Reextract/pose/sujin_bending_normal_02_pose.csv,completed,29.998332190575024,5396,1799,1795,4,99.77765425236242,
sujin_chair_sit_variation_01,sujin,/content/carewave-round4-source/carewave_dataset/raw/videos/sujin/sujin_chair_sit_variation_01.mp4,/content/drive/MyDrive/CareWave_Round4_Reextract/pose/sujin_chair_sit_variation_01_pose.csv,completed,29.998341105560982,5425,1809,1809,0,100.0,
sujin_chair_sit_variation_02,sujin,/content/carewave-round4-source/carewave_dataset/raw/videos/sujin/sujin_chair_sit_variation_02.mp4,/content/drive/MyDrive/CareWave_Round4_Reextract/pose/sujin_chair_sit_variation_02_pose.csv,completed,29.99610440202571,385,129,129,0,100.0,
sujin_chair_sit_variation_03,sujin,/content/carewave-round4-source/carewave_dataset/raw/videos/sujin/sujin_chair_sit_variation_03.mp4,/content/drive/MyDrive/CareWave_Round4_Reextract/pose/sujin_chair_sit_variation_03_pose.csv,completed,29.996164173379363,391,131,131,0,100.0,
sujin_fall_normal_01,sujin,/content/carewave-round4-source/carewave_dataset/raw/videos/sujin/sujin_fall_normal_01.mp4,/content/drive/MyDrive/CareWave_Round4_Reextract/pose/sujin_fall_normal_01_pose.csv,completed,29.998331262863182,5393,1798,1796,2,99.88876529477196,
sujin_fall_normal_02,sujin,/content/carewave-round4-source/carewave_dataset/raw/videos/sujin/sujin_fall_normal_02.mp4,/content/drive/MyDrive/CareWave_Round4_Reextract/pose/sujin_fall_normal_02_pose.csv,completed,29.998341258431935,3617,1206,1205,1,99.91708126036484,
sujin_fall_normal_03,sujin,/content/carewave-round4-source/carewave_dataset/raw/videos/sujin/sujin_fall_normal_03.mp4,/content/drive/MyDrive/CareWave_Round4_Reextract/pose/sujin_fall_normal_03_pose.csv,completed,29.996000533262233,375,125,125,0,100.0,
sujin_fall_normal_04,sujin,/content/carewave-round4-source/carewave_dataset/raw/videos/sujin/sujin_fall_normal_04.mp4,/content/drive/MyDrive/CareWave_Round4_Reextract/pose/sujin_fall_normal_04_pose.csv,completed,29.996053150901197,380,127,126,1,99.21259842519686,
sujin_fall_normal_05,sujin,/content/carewave-round4-source/carewave_dataset/raw/videos/sujin/sujin_fall_normal_05.mp4,/content/drive/MyDrive/CareWave_Round4_Reextract/pose/sujin_fall_normal_05_pose.csv,completed,29.99608406213288,383,128,127,1,99.21875,
sujin_fall_normal_06,sujin,/content/carewave-round4-source/carewave_dataset/raw/videos/sujin/sujin_fall_normal_06.mp4,/content/drive/MyDrive/CareWave_Round4_Reextract/pose/sujin_fall_normal_06_pose.csv,completed,29.99607381232823,382,128,127,1,99.21875,
sujin_fall_normal_07,sujin,/content/carewave-round4-source/carewave_dataset/raw/videos/sujin/sujin_fall_normal_07.mp4,/content/drive/MyDrive/CareWave_Round4_Reextract/pose/sujin_fall_normal_07_pose.csv,completed,29.99604273842501,379,127,127,0,100.0,
sujin_fall_normal_08,sujin,/content/carewave-round4-source/carewave_dataset/raw/videos/sujin/sujin_fall_normal_08.mp4,/content/drive/MyDrive/CareWave_Round4_Reextract/pose/sujin_fall_normal_08_pose.csv,completed,29.996011168727563,376,126,126,0,100.0,
sujin_fall_normal_09,sujin,/content/carewave-round4-source/carewave_dataset/raw/videos/sujin/sujin_fall_normal_09.mp4,/content/drive/MyDrive/CareWave_Round4_Reextract/pose/sujin_fall_normal_09_pose.csv,completed,29.99604273842501,379,127,127,0,100.0,
sujin_fall_normal_10,sujin,/content/carewave-round4-source/carewave_dataset/raw/videos/sujin/sujin_fall_normal_10.mp4,/content/drive/MyDrive/CareWave_Round4_Reextract/pose/sujin_fall_normal_10_pose.csv,completed,29.9961444544403,389,130,130,0,100.0,
sujin_fall_normal_11,sujin,/content/carewave-round4-source/carewave_dataset/raw/videos/sujin/sujin_fall_normal_11.mp4,/content/drive/MyDrive/CareWave_Round4_Reextract/pose/sujin_fall_normal_11_pose.csv,completed,30.0,378,126,126,0,100.0,
sujin_fall_normal_12,sujin,/content/carewave-round4-source/carewave_dataset/raw/videos/sujin/sujin_fall_normal_12.mp4,/content/drive/MyDrive/CareWave_Round4_Reextract/pose/sujin_fall_normal_12_pose.csv,completed,29.996760609005506,463,155,155,0,100.0,
sujin_fall_normal_13,sujin,/content/carewave-round4-source/carewave_dataset/raw/videos/sujin/sujin_fall_normal_13.mp4,/content/drive/MyDrive/CareWave_Round4_Reextract/pose/sujin_fall_normal_13_pose.csv,completed,29.996094258560085,384,128,128,0,100.0,
sujin_fall_normal_14,sujin,/content/carewave-round4-source/carewave_dataset/raw/videos/sujin/sujin_fall_normal_14.mp4,/content/drive/MyDrive/CareWave_Round4_Reextract/pose/sujin_fall_normal_14_pose.csv,completed,29.99608406213288,383,128,128,0,100.0,
sujin_fall_normal_15,sujin,/content/carewave-round4-source/carewave_dataset/raw/videos/sujin/sujin_fall_normal_15.mp4,/content/drive/MyDrive/CareWave_Round4_Reextract/pose/sujin_fall_normal_15_pose.csv,completed,29.99607381232823,382,128,127,1,99.21875,
sujin_fall_normal_16,sujin,/content/carewave-round4-source/carewave_dataset/raw/videos/sujin/sujin_fall_normal_16.mp4,/content/drive/MyDrive/CareWave_Round4_Reextract/pose/sujin_fall_normal_16_pose.csv,completed,30.0,380,127,127,0,100.0,
sujin_fall_stay_down_01,sujin,/content/carewave-round4-source/carewave_dataset/raw/videos/sujin/sujin_fall_stay_down_01.mp4,/content/drive/MyDrive/CareWave_Round4_Reextract/pose/sujin_fall_stay_down_01_pose.csv,completed,29.998348108584327,5448,1816,1810,6,99.66960352422907,
sujin_fall_stay_down_02,sujin,/content/carewave-round4-source/carewave_dataset/raw/videos/sujin/sujin_fall_stay_down_02.mp4,/content/drive/MyDrive/CareWave_Round4_Reextract/pose/sujin_fall_stay_down_02_pose.csv,completed,29.99537108470915,324,108,108,0,100.0,
sujin_fall_stay_down_03,sujin,/content/carewave-round4-source/carewave_dataset/raw/videos/sujin/sujin_fall_stay_down_03.mp4,/content/drive/MyDrive/CareWave_Round4_Reextract/pose/sujin_fall_stay_down_03_pose.csv,completed,30.0,300,100,100,0,100.0,
sujin_fall_stay_down_04,sujin,/content/carewave-round4-source/carewave_dataset/raw/videos/sujin/sujin_fall_stay_down_04.mp4,/content/drive/MyDrive/CareWave_Round4_Reextract/pose/sujin_fall_stay_down_04_pose.csv,completed,30.0,303,101,101,0,100.0,
sujin_fall_stay_down_05,sujin,/content/carewave-round4-source/carewave_dataset/raw/videos/sujin/sujin_fall_stay_down_05.mp4,/content/drive/MyDrive/CareWave_Round4_Reextract/pose/sujin_fall_stay_down_05_pose.csv,completed,29.995000833194467,300,100,100,0,100.0,
sujin_free_activity_03,sujin,/content/carewave-round4-source/carewave_dataset/raw/videos/sujin/sujin_free_activity_03.mp4,/content/drive/MyDrive/CareWave_Round4_Reextract/pose/sujin_free_activity_03_pose.csv,completed,29.99849823960309,8989,2997,2997,0,100.0,
sujin_free_activity_normal_01,sujin,/content/carewave-round4-source/carewave_dataset/raw/videos/sujin/sujin_free_activity_normal_01.mp4,/content/drive/MyDrive/CareWave_Round4_Reextract/pose/sujin_free_activity_normal_01_pose.csv,completed,29.998333425920784,5400,1800,1800,0,100.0,
sujin_free_activity_normal_02,sujin,/content/carewave-round4-source/carewave_dataset/raw/videos/sujin/sujin_free_activity_normal_02.mp4,/content/drive/MyDrive/CareWave_Round4_Reextract/pose/sujin_free_activity_normal_02_pose.csv,completed,29.998336936637287,9019,3007,3007,0,100.0,
sujin_lie_down_normal_01,sujin,/content/carewave-round4-source/carewave_dataset/raw/videos/sujin/sujin_lie_down_normal_01.mp4,/content/drive/MyDrive/CareWave_Round4_Reextract/pose/sujin_lie_down_normal_01_pose.csv,completed,29.998334351229804,5403,1801,1792,9,99.50027762354247,
sujin_pick_up_normal_01,sujin,/content/carewave-round4-source/carewave_dataset/raw/videos/sujin/sujin_pick_up_normal_01.mp4,/content/drive/MyDrive/CareWave_Round4_Reextract/pose/sujin_pick_up_normal_01_pose.csv,completed,29.998334659437855,5404,1802,1802,0,100.0,
sujin_pick_up_normal_02,sujin,/content/carewave-round4-source/carewave_dataset/raw/videos/sujin/sujin_pick_up_normal_02.mp4,/content/drive/MyDrive/CareWave_Round4_Reextract/pose/sujin_pick_up_normal_02_pose.csv,completed,29.998337428186133,5413,1805,1800,5,99.7229916897507,
sujin_pick_up_normal_03,sujin,/content/carewave-round4-source/carewave_dataset/raw/videos/sujin/sujin_pick_up_normal_03.mp4,/content/drive/MyDrive/CareWave_Round4_Reextract/pose/sujin_pick_up_normal_03_pose.csv,completed,30.0,390,130,130,0,100.0,
sujin_pick_up_normal_04,sujin,/content/carewave-round4-source/carewave_dataset/raw/videos/sujin/sujin_pick_up_normal_04.mp4,/content/drive/MyDrive/CareWave_Round4_Reextract/pose/sujin_pick_up_normal_04_pose.csv,completed,29.996011168727563,376,126,126,0,100.0,
sujin_pick_up_normal_05,sujin,/content/carewave-round4-source/carewave_dataset/raw/videos/sujin/sujin_pick_up_normal_05.mp4,/content/drive/MyDrive/CareWave_Round4_Reextract/pose/sujin_pick_up_normal_05_pose.csv,completed,29.99602174777881,377,126,126,0,100.0,
sujin_pick_up_normal_06,sujin,/content/carewave-round4-source/carewave_dataset/raw/videos/sujin/sujin_pick_up_normal_06.mp4,/content/drive/MyDrive/CareWave_Round4_Reextract/pose/sujin_pick_up_normal_06_pose.csv,completed,29.996124531714248,387,129,129,0,100.0,
sujin_pick_up_normal_07,sujin,/content/carewave-round4-source/carewave_dataset/raw/videos/sujin/sujin_pick_up_normal_07.mp4,/content/drive/MyDrive/CareWave_Round4_Reextract/pose/sujin_pick_up_normal_07_pose.csv,completed,29.99625981797781,401,134,134,0,100.0,
sujin_pick_up_normal_08,sujin,/content/carewave-round4-source/carewave_dataset/raw/videos/sujin/sujin_pick_up_normal_08.mp4,/content/drive/MyDrive/CareWave_Round4_Reextract/pose/sujin_pick_up_normal_08_pose.csv,completed,29.996114492941327,386,129,129,0,100.0,
sujin_pick_up_normal_09,sujin,/content/carewave-round4-source/carewave_dataset/raw/videos/sujin/sujin_pick_up_normal_09.mp4,/content/drive/MyDrive/CareWave_Round4_Reextract/pose/sujin_pick_up_normal_09_pose.csv,completed,29.996114492941327,386,129,129,0,100.0,
sujin_pick_up_normal_10,sujin,/content/carewave-round4-source/carewave_dataset/raw/videos/sujin/sujin_pick_up_normal_10.mp4,/content/drive/MyDrive/CareWave_Round4_Reextract/pose/sujin_pick_up_normal_10_pose.csv,completed,29.995913363302,367,123,123,0,100.0,
sujin_pick_up_normal_11,sujin,/content/carewave-round4-source/carewave_dataset/raw/videos/sujin/sujin_pick_up_normal_11.mp4,/content/drive/MyDrive/CareWave_Round4_Reextract/pose/sujin_pick_up_normal_11_pose.csv,completed,29.996114492941327,386,129,129,0,100.0,
sujin_pick_up_normal_12,sujin,/content/carewave-round4-source/carewave_dataset/raw/videos/sujin/sujin_pick_up_normal_12.mp4,/content/drive/MyDrive/CareWave_Round4_Reextract/pose/sujin_pick_up_normal_12_pose.csv,completed,29.996124531714248,387,129,129,0,100.0,
sujin_pick_up_variation_01,sujin,/content/carewave-round4-source/carewave_dataset/raw/videos/sujin/sujin_pick_up_variation_01.mp4,/content/drive/MyDrive/CareWave_Round4_Reextract/pose/sujin_pick_up_variation_01_pose.csv,completed,29.9983358911303,5408,1803,1802,1,99.94453688297283,
sujin_pick_up_variation_02,sujin,/content/carewave-round4-source/carewave_dataset/raw/videos/sujin/sujin_pick_up_variation_02.mp4,/content/drive/MyDrive/CareWave_Round4_Reextract/pose/sujin_pick_up_variation_02_pose.csv,completed,29.996124531714248,387,129,129,0,100.0,
sujin_pick_up_variation_03,sujin,/content/carewave-round4-source/carewave_dataset/raw/videos/sujin/sujin_pick_up_variation_03.mp4,/content/drive/MyDrive/CareWave_Round4_Reextract/pose/sujin_pick_up_variation_03_pose.csv,completed,29.99607381232823,382,128,128,0,100.0,
sujin_pick_up_variation_04,sujin,/content/carewave-round4-source/carewave_dataset/raw/videos/sujin/sujin_pick_up_variation_04.mp4,/content/drive/MyDrive/CareWave_Round4_Reextract/pose/sujin_pick_up_variation_04_pose.csv,completed,29.996053150901197,380,127,127,0,100.0,
sujin_pick_up_variation_05,sujin,/content/carewave-round4-source/carewave_dataset/raw/videos/sujin/sujin_pick_up_variation_05.mp4,/content/drive/MyDrive/CareWave_Round4_Reextract/pose/sujin_pick_up_variation_05_pose.csv,completed,30.0,381,127,127,0,100.0,
sujin_sit_normal_01,sujin,/content/carewave-round4-source/carewave_dataset/raw/videos/sujin/sujin_sit_normal_01.mp4,/content/drive/MyDrive/CareWave_Round4_Reextract/pose/sujin_sit_normal_01_pose.csv,completed,29.99835625445181,3650,1217,1217,0,100.0,
sujin_sit_normal_02,sujin,/content/carewave-round4-source/carewave_dataset/raw/videos/sujin/sujin_sit_normal_02.mp4,/content/drive/MyDrive/CareWave_Round4_Reextract/pose/sujin_sit_normal_02_pose.csv,completed,29.996053150901197,380,127,127,0,100.0,
sujin_sit_normal_03,sujin,/content/carewave-round4-source/carewave_dataset/raw/videos/sujin/sujin_sit_normal_03.mp4,/content/drive/MyDrive/CareWave_Round4_Reextract/pose/sujin_sit_normal_03_pose.csv,completed,29.99608406213288,383,128,128,0,100.0,
sujin_sit_normal_04,sujin,/content/carewave-round4-source/carewave_dataset/raw/videos/sujin/sujin_sit_normal_04.mp4,/content/drive/MyDrive/CareWave_Round4_Reextract/pose/sujin_sit_normal_04_pose.csv,completed,29.996394664102873,416,139,139,0,100.0,
sujin_sit_normal_05,sujin,/content/carewave-round4-source/carewave_dataset/raw/videos/sujin/sujin_sit_normal_05.mp4,/content/drive/MyDrive/CareWave_Round4_Reextract/pose/sujin_sit_normal_05_pose.csv,completed,29.996053150901197,380,127,127,0,100.0,
sujin_sit_normal_06,sujin,/content/carewave-round4-source/carewave_dataset/raw/videos/sujin/sujin_sit_normal_06.mp4,/content/drive/MyDrive/CareWave_Round4_Reextract/pose/sujin_sit_normal_06_pose.csv,completed,29.996124531714248,387,129,129,0,100.0,
sujin_sit_normal_07,sujin,/content/carewave-round4-source/carewave_dataset/raw/videos/sujin/sujin_sit_normal_07.mp4,/content/drive/MyDrive/CareWave_Round4_Reextract/pose/sujin_sit_normal_07_pose.csv,completed,29.996011168727563,376,126,126,0,100.0,
sujin_sit_normal_08,sujin,/content/carewave-round4-source/carewave_dataset/raw/videos/sujin/sujin_sit_normal_08.mp4,/content/drive/MyDrive/CareWave_Round4_Reextract/pose/sujin_sit_normal_08_pose.csv,completed,29.99602174777881,377,126,126,0,100.0,
sujin_sit_normal_09,sujin,/content/carewave-round4-source/carewave_dataset/raw/videos/sujin/sujin_sit_normal_09.mp4,/content/drive/MyDrive/CareWave_Round4_Reextract/pose/sujin_sit_normal_09_pose.csv,completed,29.996114492941327,386,129,129,0,100.0,
sujin_sit_to_stand_normal_01,sujin,/content/carewave-round4-source/carewave_dataset/raw/videos/sujin/sujin_sit_to_stand_normal_01.mp4,/content/drive/MyDrive/CareWave_Round4_Reextract/pose/sujin_sit_to_stand_normal_01_pose.csv,completed,29.998338042213728,5415,1805,1805,0,100.0,
sujin_sit_to_stand_normal_02,sujin,/content/carewave-round4-source/carewave_dataset/raw/videos/sujin/sujin_sit_to_stand_normal_02.mp4,/content/drive/MyDrive/CareWave_Round4_Reextract/pose/sujin_sit_to_stand_normal_02_pose.csv,completed,29.998335275511902,5406,1802,1802,0,100.0,
sujin_sit_to_stand_normal_03,sujin,/content/carewave-round4-source/carewave_dataset/raw/videos/sujin/sujin_sit_to_stand_normal_03.mp4,/content/drive/MyDrive/CareWave_Round4_Reextract/pose/sujin_sit_to_stand_normal_03_pose.csv,completed,29.996134518747585,388,130,130,0,100.0,
sujin_sit_to_stand_normal_04,sujin,/content/carewave-round4-source/carewave_dataset/raw/videos/sujin/sujin_sit_to_stand_normal_04.mp4,/content/drive/MyDrive/CareWave_Round4_Reextract/pose/sujin_sit_to_stand_normal_04_pose.csv,completed,29.99602174777881,377,126,126,0,100.0,
sujin_sit_to_stand_normal_05,sujin,/content/carewave-round4-source/carewave_dataset/raw/videos/sujin/sujin_sit_to_stand_normal_05.mp4,/content/drive/MyDrive/CareWave_Round4_Reextract/pose/sujin_sit_to_stand_normal_05_pose.csv,completed,29.996053150901197,380,127,127,0,100.0,
sujin_sit_to_stand_normal_06,sujin,/content/carewave-round4-source/carewave_dataset/raw/videos/sujin/sujin_sit_to_stand_normal_06.mp4,/content/drive/MyDrive/CareWave_Round4_Reextract/pose/sujin_sit_to_stand_normal_06_pose.csv,completed,29.996053150901197,380,127,127,0,100.0,
sujin_slow_lie_down_01,sujin,/content/carewave-round4-source/carewave_dataset/raw/videos/sujin/sujin_slow_lie_down_01.mp4,/content/drive/MyDrive/CareWave_Round4_Reextract/pose/sujin_slow_lie_down_01_pose.csv,completed,29.998335275511902,5406,1802,1783,19,98.94561598224195,
sujin_stand_normal_01,sujin,/content/carewave-round4-source/carewave_dataset/raw/videos/sujin/sujin_stand_normal_01.mp4,/content/drive/MyDrive/CareWave_Round4_Reextract/pose/sujin_stand_normal_01_pose.csv,completed,29.998341258431935,3617,1206,1206,0,100.0,
sujin_stand_normal_02,sujin,/content/carewave-round4-source/carewave_dataset/raw/videos/sujin/sujin_stand_normal_02.mp4,/content/drive/MyDrive/CareWave_Round4_Reextract/pose/sujin_stand_normal_02_pose.csv,completed,29.998340799734528,1808,603,603,0,100.0,
sujin_stand_normal_03,sujin,/content/carewave-round4-source/carewave_dataset/raw/videos/sujin/sujin_stand_normal_03.mp4,/content/drive/MyDrive/CareWave_Round4_Reextract/pose/sujin_stand_normal_03_pose.csv,completed,29.996164173379363,391,131,131,0,100.0,
sujin_stand_normal_04,sujin,/content/carewave-round4-source/carewave_dataset/raw/videos/sujin/sujin_stand_normal_04.mp4,/content/drive/MyDrive/CareWave_Round4_Reextract/pose/sujin_stand_normal_04_pose.csv,completed,29.99602174777881,377,126,126,0,100.0,
sujin_stand_normal_05,sujin,/content/carewave-round4-source/carewave_dataset/raw/videos/sujin/sujin_stand_normal_05.mp4,/content/drive/MyDrive/CareWave_Round4_Reextract/pose/sujin_stand_normal_05_pose.csv,completed,29.996173957403393,392,131,131,0,100.0,
sujin_stand_normal_06,sujin,/content/carewave-round4-source/carewave_dataset/raw/videos/sujin/sujin_stand_normal_06.mp4,/content/drive/MyDrive/CareWave_Round4_Reextract/pose/sujin_stand_normal_06_pose.csv,completed,29.996114492941327,386,129,129,0,100.0,
sujin_stand_normal_07,sujin,/content/carewave-round4-source/carewave_dataset/raw/videos/sujin/sujin_stand_normal_07.mp4,/content/drive/MyDrive/CareWave_Round4_Reextract/pose/sujin_stand_normal_07_pose.csv,completed,29.996164173379363,391,131,131,0,100.0,
sujin_stand_normal_08,sujin,/content/carewave-round4-source/carewave_dataset/raw/videos/sujin/sujin_stand_normal_08.mp4,/content/drive/MyDrive/CareWave_Round4_Reextract/pose/sujin_stand_normal_08_pose.csv,completed,29.99608406213288,383,128,128,0,100.0,
sujin_stand_normal_09,sujin,/content/carewave-round4-source/carewave_dataset/raw/videos/sujin/sujin_stand_normal_09.mp4,/content/drive/MyDrive/CareWave_Round4_Reextract/pose/sujin_stand_normal_09_pose.csv,completed,29.996053150901197,380,127,127,0,100.0,
sujin_stand_normal_10,sujin,/content/carewave-round4-source/carewave_dataset/raw/videos/sujin/sujin_stand_normal_10.mp4,/content/drive/MyDrive/CareWave_Round4_Reextract/pose/sujin_stand_normal_10_pose.csv,completed,29.99608406213288,383,128,128,0,100.0,
sujin_stand_normal_11,sujin,/content/carewave-round4-source/carewave_dataset/raw/videos/sujin/sujin_stand_normal_11.mp4,/content/drive/MyDrive/CareWave_Round4_Reextract/pose/sujin_stand_normal_11_pose.csv,completed,29.996134518747585,388,130,130,0,100.0,
sujin_stand_normal_12,sujin,/content/carewave-round4-source/carewave_dataset/raw/videos/sujin/sujin_stand_normal_12.mp4,/content/drive/MyDrive/CareWave_Round4_Reextract/pose/sujin_stand_normal_12_pose.csv,completed,29.9961444544403,389,130,130,0,100.0,
sujin_walk_normal_01,sujin,/content/carewave-round4-source/carewave_dataset/raw/videos/sujin/sujin_walk_normal_01.mp4,/content/drive/MyDrive/CareWave_Round4_Reextract/pose/sujin_walk_normal_01_pose.csv,completed,29.998339422118896,3613,1205,1205,0,100.0,
sujin_walk_normal_02,sujin,/content/carewave-round4-source/carewave_dataset/raw/videos/sujin/sujin_walk_normal_02.mp4,/content/drive/MyDrive/CareWave_Round4_Reextract/pose/sujin_walk_normal_02_pose.csv,completed,29.995979091274627,373,125,125,0,100.0,
sujin_walk_normal_03,sujin,/content/carewave-round4-source/carewave_dataset/raw/videos/sujin/sujin_walk_normal_03.mp4,/content/drive/MyDrive/CareWave_Round4_Reextract/pose/sujin_walk_normal_03_pose.csv,completed,29.996094258560085,384,128,128,0,100.0,
sujin_walk_normal_04,sujin,/content/carewave-round4-source/carewave_dataset/raw/videos/sujin/sujin_walk_normal_04.mp4,/content/drive/MyDrive/CareWave_Round4_Reextract/pose/sujin_walk_normal_04_pose.csv,completed,29.996124531714248,387,129,129,0,100.0,
sujin_walk_normal_05,sujin,/content/carewave-round4-source/carewave_dataset/raw/videos/sujin/sujin_walk_normal_05.mp4,/content/drive/MyDrive/CareWave_Round4_Reextract/pose/sujin_walk_normal_05_pose.csv,completed,29.99607381232823,382,128,128,0,100.0,
sujin_walk_normal_06,sujin,/content/carewave-round4-source/carewave_dataset/raw/videos/sujin/sujin_walk_normal_06.mp4,/content/drive/MyDrive/CareWave_Round4_Reextract/pose/sujin_walk_normal_06_pose.csv,completed,29.99606350872589,381,127,127,0,100.0,
sujin_walk_normal_07,sujin,/content/carewave-round4-source/carewave_dataset/raw/videos/sujin/sujin_walk_normal_07.mp4,/content/drive/MyDrive/CareWave_Round4_Reextract/pose/sujin_walk_normal_07_pose.csv,completed,29.99602174777881,377,126,126,0,100.0,
sujin_walk_normal_08,sujin,/content/carewave-round4-source/carewave_dataset/raw/videos/sujin/sujin_walk_normal_08.mp4,/content/drive/MyDrive/CareWave_Round4_Reextract/pose/sujin_walk_normal_08_pose.csv,completed,30.0,366,122,122,0,100.0,
sujin_walk_normal_09,sujin,/content/carewave-round4-source/carewave_dataset/raw/videos/sujin/sujin_walk_normal_09.mp4,/content/drive/MyDrive/CareWave_Round4_Reextract/pose/sujin_walk_normal_09_pose.csv,completed,29.99606350872589,381,127,127,0,100.0,
sujin_walk_normal_10,sujin,/content/carewave-round4-source/carewave_dataset/raw/videos/sujin/sujin_walk_normal_10.mp4,/content/drive/MyDrive/CareWave_Round4_Reextract/pose/sujin_walk_normal_10_pose.csv,completed,29.996124531714248,387,129,129,0,100.0,
sujin_walk_normal_11,sujin,/content/carewave-round4-source/carewave_dataset/raw/videos/sujin/sujin_walk_normal_11.mp4,/content/drive/MyDrive/CareWave_Round4_Reextract/pose/sujin_walk_normal_11_pose.csv,completed,29.99606350872589,381,127,127,0,100.0,
sujin_walk_normal_12,sujin,/content/carewave-round4-source/carewave_dataset/raw/videos/sujin/sujin_walk_normal_12.mp4,/content/drive/MyDrive/CareWave_Round4_Reextract/pose/sujin_walk_normal_12_pose.csv,completed,29.99610440202571,385,129,129,0,100.0,
sujin_walk_normal_13,sujin,/content/carewave-round4-source/carewave_dataset/raw/videos/sujin/sujin_walk_normal_13.mp4,/content/drive/MyDrive/CareWave_Round4_Reextract/pose/sujin_walk_normal_13_pose.csv,completed,29.996134518747585,388,130,130,0,100.0,
csi_test_01,test,/content/carewave-round4-source/carewave_dataset/raw/videos/test/csi_test_01.mp4,/content/drive/MyDrive/CareWave_Round4_Reextract/pose/csi_test_01_pose.csv,completed,29.99834309068817,3621,1207,1207,0,100.0,
hoyeon_test_04,test,/content/carewave-round4-source/carewave_dataset/raw/videos/test/hoyeon_test_04.mp4,/content/drive/MyDrive/CareWave_Round4_Reextract/pose/hoyeon_test_04_pose.csv,completed,29.998330643815034,3594,1198,1198,0,100.0,
sujin_test_03,test,/content/carewave-round4-source/carewave_dataset/raw/videos/test/sujin_test_03.mp4,/content/drive/MyDrive/CareWave_Round4_Reextract/pose/sujin_test_03_pose.csv,completed,29.99833296288064,3599,1200,1200,0,100.0,
yena_test_02,test,/content/carewave-round4-source/carewave_dataset/raw/videos/test/yena_test_02.mp4,/content/drive/MyDrive/CareWave_Round4_Reextract/pose/yena_test_02_pose.csv,completed,29.99832878391176,3590,1197,1197,0,100.0,
yena_test_03,test,/content/carewave-round4-source/carewave_dataset/raw/videos/test/yena_test_03.mp4,/content/drive/MyDrive/CareWave_Round4_Reextract/pose/yena_test_03_pose.csv,completed,24.0,2656,1107,1107,0,100.0,
yena_test_04,test,/content/carewave-round4-source/carewave_dataset/raw/videos/test/yena_test_04.mp4,/content/drive/MyDrive/CareWave_Round4_Reextract/pose/yena_test_04_pose.csv,completed,24.0,239,100,100,0,100.0,
yena_arm_move_normal_01,yena,/content/carewave-round4-source/carewave_dataset/raw/videos/yena/yena_arm_move_normal_01.mp4,/content/drive/MyDrive/CareWave_Round4_Reextract/pose/yena_arm_move_normal_01_pose.csv,completed,29.998345071070002,5438,1813,1813,0,100.0,
yena_bending_normal_01,yena,/content/carewave-round4-source/carewave_dataset/raw/videos/yena/yena_bending_normal_01.mp4,/content/drive/MyDrive/CareWave_Round4_Reextract/pose/yena_bending_normal_01_pose.csv,completed,29.99833926890927,5419,1807,1807,0,100.0,
yena_chair_sit_variation_01,yena,/content/carewave-round4-source/carewave_dataset/raw/videos/yena/yena_chair_sit_variation_01.mp4,/content/drive/MyDrive/CareWave_Round4_Reextract/pose/yena_chair_sit_variation_01_pose.csv,completed,29.998334659437855,5404,1802,1802,0,100.0,
yena_chair_sit_variation_02,yena,/content/carewave-round4-source/carewave_dataset/raw/videos/yena/yena_chair_sit_variation_02.mp4,/content/drive/MyDrive/CareWave_Round4_Reextract/pose/yena_chair_sit_variation_02_pose.csv,completed,29.995979091274627,373,125,125,0,100.0,
yena_chair_sit_variation_03,yena,/content/carewave-round4-source/carewave_dataset/raw/videos/yena/yena_chair_sit_variation_03.mp4,/content/drive/MyDrive/CareWave_Round4_Reextract/pose/yena_chair_sit_variation_03_pose.csv,completed,29.996124531714248,387,129,129,0,100.0,
yena_fall_normal_0,yena,/content/carewave-round4-source/carewave_dataset/raw/videos/yena/yena_fall_normal_0.mp4,/content/drive/MyDrive/CareWave_Round4_Reextract/pose/yena_fall_normal_0_pose.csv,completed,29.998337121002162,3608,1203,1203,0,100.0,
yena_fall_normal_01,yena,/content/carewave-round4-source/carewave_dataset/raw/videos/yena/yena_fall_normal_01.mp4,/content/drive/MyDrive/CareWave_Round4_Reextract/pose/yena_fall_normal_01_pose.csv,completed,29.998334659437855,5404,1802,1802,0,100.0,
yena_fall_normal_02,yena,/content/carewave-round4-source/carewave_dataset/raw/videos/yena/yena_fall_normal_02.mp4,/content/drive/MyDrive/CareWave_Round4_Reextract/pose/yena_fall_normal_02_pose.csv,completed,29.998335275511902,5406,1802,1802,0,100.0,
yena_fall_normal_04,yena,/content/carewave-round4-source/carewave_dataset/raw/videos/yena/yena_fall_normal_04.mp4,/content/drive/MyDrive/CareWave_Round4_Reextract/pose/yena_fall_normal_04_pose.csv,completed,29.996134518747585,388,130,130,0,100.0,
yena_fall_normal_05,yena,/content/carewave-round4-source/carewave_dataset/raw/videos/yena/yena_fall_normal_05.mp4,/content/drive/MyDrive/CareWave_Round4_Reextract/pose/yena_fall_normal_05_pose.csv,completed,29.995989840930356,374,125,125,0,100.0,
yena_fall_normal_06,yena,/content/carewave-round4-source/carewave_dataset/raw/videos/yena/yena_fall_normal_06.mp4,/content/drive/MyDrive/CareWave_Round4_Reextract/pose/yena_fall_normal_06_pose.csv,completed,29.995913363302,367,123,123,0,100.0,
yena_fall_normal_07,yena,/content/carewave-round4-source/carewave_dataset/raw/videos/yena/yena_fall_normal_07.mp4,/content/drive/MyDrive/CareWave_Round4_Reextract/pose/yena_fall_normal_07_pose.csv,completed,29.996503903973895,429,143,143,0,100.0,
yena_fall_normal_08,yena,/content/carewave-round4-source/carewave_dataset/raw/videos/yena/yena_fall_normal_08.mp4,/content/drive/MyDrive/CareWave_Round4_Reextract/pose/yena_fall_normal_08_pose.csv,completed,29.99608406213288,383,128,128,0,100.0,
yena_fall_normal_09,yena,/content/carewave-round4-source/carewave_dataset/raw/videos/yena/yena_fall_normal_09.mp4,/content/drive/MyDrive/CareWave_Round4_Reextract/pose/yena_fall_normal_09_pose.csv,completed,29.995935510093485,369,123,123,0,100.0,
yena_fall_normal_10,yena,/content/carewave-round4-source/carewave_dataset/raw/videos/yena/yena_fall_normal_10.mp4,/content/drive/MyDrive/CareWave_Round4_Reextract/pose/yena_fall_normal_10_pose.csv,completed,29.995913363302,367,123,123,0,100.0,
yena_fall_normal_11,yena,/content/carewave-round4-source/carewave_dataset/raw/videos/yena/yena_fall_normal_11.mp4,/content/drive/MyDrive/CareWave_Round4_Reextract/pose/yena_fall_normal_11_pose.csv,completed,29.996296753487226,405,135,135,0,100.0,
yena_fall_normal_12,yena,/content/carewave-round4-source/carewave_dataset/raw/videos/yena/yena_fall_normal_12.mp4,/content/drive/MyDrive/CareWave_Round4_Reextract/pose/yena_fall_normal_12_pose.csv,completed,29.995957418137717,371,124,124,0,100.0,
yena_fall_normal_13,yena,/content/carewave-round4-source/carewave_dataset/raw/videos/yena/yena_fall_normal_13.mp4,/content/drive/MyDrive/CareWave_Round4_Reextract/pose/yena_fall_normal_13_pose.csv,completed,29.995979091274627,373,125,125,0,100.0,
yena_fall_normal_14,yena,/content/carewave-round4-source/carewave_dataset/raw/videos/yena/yena_fall_normal_14.mp4,/content/drive/MyDrive/CareWave_Round4_Reextract/pose/yena_fall_normal_14_pose.csv,completed,29.995879686856203,364,122,122,0,100.0,
yena_fall_normal_15,yena,/content/carewave-round4-source/carewave_dataset/raw/videos/yena/yena_fall_normal_15.mp4,/content/drive/MyDrive/CareWave_Round4_Reextract/pose/yena_fall_normal_15_pose.csv,completed,29.995924466784405,368,123,123,0,100.0,
yena_fall_normal_16,yena,/content/carewave-round4-source/carewave_dataset/raw/videos/yena/yena_fall_normal_16.mp4,/content/drive/MyDrive/CareWave_Round4_Reextract/pose/yena_fall_normal_16_pose.csv,completed,29.99586833769453,363,121,121,0,100.0,
yena_fall_normal_17,yena,/content/carewave-round4-source/carewave_dataset/raw/videos/yena/yena_fall_normal_17.mp4,/content/drive/MyDrive/CareWave_Round4_Reextract/pose/yena_fall_normal_17_pose.csv,completed,29.996032270863644,378,126,126,0,100.0,
yena_fall_stay_down_01,yena,/content/carewave-round4-source/carewave_dataset/raw/videos/yena/yena_fall_stay_down_01.mp4,/content/drive/MyDrive/CareWave_Round4_Reextract/pose/yena_fall_stay_down_01_pose.csv,completed,29.998615533711753,5417,1806,1805,1,99.94462901439645,
yena_fall_stay_down_02,yena,/content/carewave-round4-source/carewave_dataset/raw/videos/yena/yena_fall_stay_down_02.mp4,/content/drive/MyDrive/CareWave_Round4_Reextract/pose/yena_fall_stay_down_02_pose.csv,completed,29.996154339187285,390,130,130,0,100.0,
yena_fall_stay_down_03,yena,/content/carewave-round4-source/carewave_dataset/raw/videos/yena/yena_fall_stay_down_03.mp4,/content/drive/MyDrive/CareWave_Round4_Reextract/pose/yena_fall_stay_down_03_pose.csv,completed,30.0,370,124,124,0,100.0,
yena_fall_stay_down_04,yena,/content/carewave-round4-source/carewave_dataset/raw/videos/yena/yena_fall_stay_down_04.mp4,/content/drive/MyDrive/CareWave_Round4_Reextract/pose/yena_fall_stay_down_04_pose.csv,completed,29.996011168727563,376,126,126,0,100.0,
yena_fall_stay_down_05,yena,/content/carewave-round4-source/carewave_dataset/raw/videos/yena/yena_fall_stay_down_05.mp4,/content/drive/MyDrive/CareWave_Round4_Reextract/pose/yena_fall_stay_down_05_pose.csv,completed,29.995979091274627,373,125,125,0,100.0,
yena_free_activity_normal_01,yena,/content/carewave-round4-source/carewave_dataset/raw/videos/yena/yena_free_activity_normal_01.mp4,/content/drive/MyDrive/CareWave_Round4_Reextract/pose/yena_free_activity_normal_01_pose.csv,completed,29.998336813704654,5411,1804,1804,0,100.0,
yena_free_activity_normal_02,yena,/content/carewave-round4-source/carewave_dataset/raw/videos/yena/yena_free_activity_normal_02.mp4,/content/drive/MyDrive/CareWave_Round4_Reextract/pose/yena_free_activity_normal_02_pose.csv,completed,29.998336936637287,9019,3007,3007,0,100.0,
yena_pick_up_normal_01,yena,/content/carewave-round4-source/carewave_dataset/raw/videos/yena/yena_pick_up_normal_01.mp4,/content/drive/MyDrive/CareWave_Round4_Reextract/pose/yena_pick_up_normal_01_pose.csv,completed,29.998334351229804,5403,1801,1801,0,100.0,
yena_pick_up_normal_02,yena,/content/carewave-round4-source/carewave_dataset/raw/videos/yena/yena_pick_up_normal_02.mp4,/content/drive/MyDrive/CareWave_Round4_Reextract/pose/yena_pick_up_normal_02_pose.csv,completed,29.996394664102873,416,139,139,0,100.0,
yena_pick_up_normal_03,yena,/content/carewave-round4-source/carewave_dataset/raw/videos/yena/yena_pick_up_normal_03.mp4,/content/drive/MyDrive/CareWave_Round4_Reextract/pose/yena_pick_up_normal_03_pose.csv,completed,29.996183691642283,393,131,131,0,100.0,
yena_pick_up_normal_04,yena,/content/carewave-round4-source/carewave_dataset/raw/videos/yena/yena_pick_up_normal_04.mp4,/content/drive/MyDrive/CareWave_Round4_Reextract/pose/yena_pick_up_normal_04_pose.csv,completed,29.995714897871732,350,117,117,0,100.0,
yena_pick_up_normal_05,yena,/content/carewave-round4-source/carewave_dataset/raw/videos/yena/yena_pick_up_normal_05.mp4,/content/drive/MyDrive/CareWave_Round4_Reextract/pose/yena_pick_up_normal_05_pose.csv,completed,29.996250468691414,400,134,134,0,100.0,
yena_pick_up_normal_06,yena,/content/carewave-round4-source/carewave_dataset/raw/videos/yena/yena_pick_up_normal_06.mp4,/content/drive/MyDrive/CareWave_Round4_Reextract/pose/yena_pick_up_normal_06_pose.csv,completed,29.99604273842501,379,127,127,0,100.0,
yena_pick_up_normal_07,yena,/content/carewave-round4-source/carewave_dataset/raw/videos/yena/yena_pick_up_normal_07.mp4,/content/drive/MyDrive/CareWave_Round4_Reextract/pose/yena_pick_up_normal_07_pose.csv,completed,29.996094258560085,384,128,128,0,100.0,
yena_pick_up_normal_08,yena,/content/carewave-round4-source/carewave_dataset/raw/videos/yena/yena_pick_up_normal_08.mp4,/content/drive/MyDrive/CareWave_Round4_Reextract/pose/yena_pick_up_normal_08_pose.csv,completed,29.99604273842501,379,127,127,0,100.0,
yena_pick_up_normal_09,yena,/content/carewave-round4-source/carewave_dataset/raw/videos/yena/yena_pick_up_normal_09.mp4,/content/drive/MyDrive/CareWave_Round4_Reextract/pose/yena_pick_up_normal_09_pose.csv,completed,29.99607381232823,382,128,128,0,100.0,
yena_pick_up_normal_10,yena,/content/carewave-round4-source/carewave_dataset/raw/videos/yena/yena_pick_up_normal_10.mp4,/content/drive/MyDrive/CareWave_Round4_Reextract/pose/yena_pick_up_normal_10_pose.csv,completed,29.996114492941327,386,129,129,0,100.0,
yena_pick_up_normal_11,yena,/content/carewave-round4-source/carewave_dataset/raw/videos/yena/yena_pick_up_normal_11.mp4,/content/drive/MyDrive/CareWave_Round4_Reextract/pose/yena_pick_up_normal_11_pose.csv,completed,29.99590219915312,366,122,122,0,100.0,
yena_pick_up_variation_01,yena,/content/carewave-round4-source/carewave_dataset/raw/videos/yena/yena_pick_up_variation_01.mp4,/content/drive/MyDrive/CareWave_Round4_Reextract/pose/yena_pick_up_variation_01_pose.csv,completed,29.998610918183083,5399,1800,1799,1,99.94444444444444,
yena_pick_up_variation_02,yena,/content/carewave-round4-source/carewave_dataset/raw/videos/yena/yena_pick_up_variation_02.mp4,/content/drive/MyDrive/CareWave_Round4_Reextract/pose/yena_pick_up_variation_02_pose.csv,completed,29.996359665089187,412,138,138,0,100.0,
yena_pick_up_variation_03,yena,/content/carewave-round4-source/carewave_dataset/raw/videos/yena/yena_pick_up_variation_03.mp4,/content/drive/MyDrive/CareWave_Round4_Reextract/pose/yena_pick_up_variation_03_pose.csv,completed,29.99630587366088,406,136,136,0,100.0,
yena_pick_up_variation_04,yena,/content/carewave-round4-source/carewave_dataset/raw/videos/yena/yena_pick_up_variation_04.mp4,/content/drive/MyDrive/CareWave_Round4_Reextract/pose/yena_pick_up_variation_04_pose.csv,completed,29.99590219915312,366,122,122,0,100.0,
yena_pick_up_variation_05,yena,/content/carewave-round4-source/carewave_dataset/raw/videos/yena/yena_pick_up_variation_05.mp4,/content/drive/MyDrive/CareWave_Round4_Reextract/pose/yena_pick_up_variation_05_pose.csv,completed,29.9949841163685,299,100,100,0,100.0,
yena_sit_move_normal_01,yena,/content/carewave-round4-source/carewave_dataset/raw/videos/yena/yena_sit_move_normal_01.mp4,/content/drive/MyDrive/CareWave_Round4_Reextract/pose/yena_sit_move_normal_01_pose.csv,completed,29.998345375324032,5439,1813,1813,0,100.0,
yena_sit_normal_01,yena,/content/carewave-round4-source/carewave_dataset/raw/videos/yena/yena_sit_normal_01.mp4,/content/drive/MyDrive/CareWave_Round4_Reextract/pose/yena_sit_normal_01_pose.csv,completed,29.99834309068817,3621,1207,1207,0,100.0,
yena_sit_normal_02,yena,/content/carewave-round4-source/carewave_dataset/raw/videos/yena/yena_sit_normal_02.mp4,/content/drive/MyDrive/CareWave_Round4_Reextract/pose/yena_sit_normal_02_pose.csv,completed,29.996296753487226,405,135,135,0,100.0,
yena_sit_normal_03,yena,/content/carewave-round4-source/carewave_dataset/raw/videos/yena/yena_sit_normal_03.mp4,/content/drive/MyDrive/CareWave_Round4_Reextract/pose/yena_sit_normal_03_pose.csv,completed,29.988255252512072,383,128,128,0,100.0,
yena_sit_normal_04,yena,/content/carewave-round4-source/carewave_dataset/raw/videos/yena/yena_sit_normal_04.mp4,/content/drive/MyDrive/CareWave_Round4_Reextract/pose/yena_sit_normal_04_pose.csv,completed,29.988162567407603,380,127,127,0,100.0,
yena_sit_normal_05,yena,/content/carewave-round4-source/carewave_dataset/raw/videos/yena/yena_sit_normal_05.mp4,/content/drive/MyDrive/CareWave_Round4_Reextract/pose/yena_sit_normal_05_pose.csv,completed,29.98462327011789,390,130,130,0,100.0,
yena_sit_normal_06,yena,/content/carewave-round4-source/carewave_dataset/raw/videos/yena/yena_sit_normal_06.mp4,/content/drive/MyDrive/CareWave_Round4_Reextract/pose/yena_sit_normal_06_pose.csv,completed,29.984544049459043,388,130,130,0,100.0,
yena_sit_normal_07,yena,/content/carewave-round4-source/carewave_dataset/raw/videos/yena/yena_sit_normal_07.mp4,/content/drive/MyDrive/CareWave_Round4_Reextract/pose/yena_sit_normal_07_pose.csv,completed,29.9880999603332,378,126,126,0,100.0,
yena_sit_normal_08,yena,/content/carewave-round4-source/carewave_dataset/raw/videos/yena/yena_sit_normal_08.mp4,/content/drive/MyDrive/CareWave_Round4_Reextract/pose/yena_sit_normal_08_pose.csv,completed,29.985192497532083,405,135,135,0,100.0,
yena_sit_normal_09,yena,/content/carewave-round4-source/carewave_dataset/raw/videos/yena/yena_sit_normal_09.mp4,/content/drive/MyDrive/CareWave_Round4_Reextract/pose/yena_sit_normal_09_pose.csv,completed,29.987743429116165,367,123,123,0,100.0,
yena_sit_to_stand_normal_01,yena,/content/carewave-round4-source/carewave_dataset/raw/videos/yena/yena_sit_to_stand_normal_01.mp4,/content/drive/MyDrive/CareWave_Round4_Reextract/pose/yena_sit_to_stand_normal_01_pose.csv,completed,29.9958909738392,365,122,122,0,100.0,
yena_sit_to_stand_normal_02,yena,/content/carewave-round4-source/carewave_dataset/raw/videos/yena/yena_sit_to_stand_normal_02.mp4,/content/drive/MyDrive/CareWave_Round4_Reextract/pose/yena_sit_to_stand_normal_02_pose.csv,completed,29.99622213826974,397,133,133,0,100.0,
yena_sit_to_stand_normal_03,yena,/content/carewave-round4-source/carewave_dataset/raw/videos/yena/yena_sit_to_stand_normal_03.mp4,/content/drive/MyDrive/CareWave_Round4_Reextract/pose/yena_sit_to_stand_normal_03_pose.csv,completed,29.995957418137717,371,124,124,0,100.0,
yena_sit_to_stand_normal_04,yena,/content/carewave-round4-source/carewave_dataset/raw/videos/yena/yena_sit_to_stand_normal_04.mp4,/content/drive/MyDrive/CareWave_Round4_Reextract/pose/yena_sit_to_stand_normal_04_pose.csv,completed,29.995739241585003,352,118,118,0,100.0,
yena_slow_lie_down_01,yena,/content/carewave-round4-source/carewave_dataset/raw/videos/yena/yena_slow_lie_down_01.mp4,/content/drive/MyDrive/CareWave_Round4_Reextract/pose/yena_slow_lie_down_01_pose.csv,completed,29.99833373447133,5401,1801,1801,0,100.0,
yena_stand_normal_01,yena,/content/carewave-round4-source/carewave_dataset/raw/videos/yena/yena_stand_normal_01.mp4,/content/drive/MyDrive/CareWave_Round4_Reextract/pose/yena_stand_normal_01_pose.csv,completed,29.99840434019467,1880,627,627,0,100.0,
yena_stand_normal_02,yena,/content/carewave-round4-source/carewave_dataset/raw/videos/yena/yena_stand_normal_02.mp4,/content/drive/MyDrive/CareWave_Round4_Reextract/pose/yena_stand_normal_02_pose.csv,completed,29.99517762417618,311,104,104,0,100.0,
yena_stand_normal_03,yena,/content/carewave-round4-source/carewave_dataset/raw/videos/yena/yena_stand_normal_03.mp4,/content/drive/MyDrive/CareWave_Round4_Reextract/pose/yena_stand_normal_03_pose.csv,completed,29.996094258560085,384,128,128,0,100.0,
yena_stand_normal_04,yena,/content/carewave-round4-source/carewave_dataset/raw/videos/yena/yena_stand_normal_04.mp4,/content/drive/MyDrive/CareWave_Round4_Reextract/pose/yena_stand_normal_04_pose.csv,completed,29.99602174777881,377,126,126,0,100.0,
yena_stand_normal_05,yena,/content/carewave-round4-source/carewave_dataset/raw/videos/yena/yena_stand_normal_05.mp4,/content/drive/MyDrive/CareWave_Round4_Reextract/pose/yena_stand_normal_05_pose.csv,completed,29.99608406213288,383,128,128,0,100.0,
yena_stand_normal_06,yena,/content/carewave-round4-source/carewave_dataset/raw/videos/yena/yena_stand_normal_06.mp4,/content/drive/MyDrive/CareWave_Round4_Reextract/pose/yena_stand_normal_06_pose.csv,completed,29.996032270863644,378,126,126,0,100.0,
yena_stand_normal_07,yena,/content/carewave-round4-source/carewave_dataset/raw/videos/yena/yena_stand_normal_07.mp4,/content/drive/MyDrive/CareWave_Round4_Reextract/pose/yena_stand_normal_07_pose.csv,completed,29.99606350872589,381,127,127,0,100.0,
yena_stand_normal_08,yena,/content/carewave-round4-source/carewave_dataset/raw/videos/yena/yena_stand_normal_08.mp4,/content/drive/MyDrive/CareWave_Round4_Reextract/pose/yena_stand_normal_08_pose.csv,completed,29.995957418137717,371,124,124,0,100.0,
yena_stand_normal_09,yena,/content/carewave-round4-source/carewave_dataset/raw/videos/yena/yena_stand_normal_09.mp4,/content/drive/MyDrive/CareWave_Round4_Reextract/pose/yena_stand_normal_09_pose.csv,completed,30.0,367,123,123,0,100.0,
yena_stand_normal_10,yena,/content/carewave-round4-source/carewave_dataset/raw/videos/yena/yena_stand_normal_10.mp4,/content/drive/MyDrive/CareWave_Round4_Reextract/pose/yena_stand_normal_10_pose.csv,completed,29.9958909738392,365,122,122,0,100.0,
yena_stand_normal_11,yena,/content/carewave-round4-source/carewave_dataset/raw/videos/yena/yena_stand_normal_11.mp4,/content/drive/MyDrive/CareWave_Round4_Reextract/pose/yena_stand_normal_11_pose.csv,completed,29.99596828383282,372,124,124,0,100.0,
yena_walk_normal_01,yena,/content/carewave-round4-source/carewave_dataset/raw/videos/yena/yena_walk_normal_01.mp4,/content/drive/MyDrive/CareWave_Round4_Reextract/pose/yena_walk_normal_01_pose.csv,completed,29.998386749838676,3719,1240,1240,0,100.0,
yena_walk_normal_02,yena,/content/carewave-round4-source/carewave_dataset/raw/videos/yena/yena_walk_normal_02.mp4,/content/drive/MyDrive/CareWave_Round4_Reextract/pose/yena_walk_normal_02_pose.csv,completed,29.996269120756125,402,134,134,0,100.0,
yena_walk_normal_03,yena,/content/carewave-round4-source/carewave_dataset/raw/videos/yena/yena_walk_normal_03.mp4,/content/drive/MyDrive/CareWave_Round4_Reextract/pose/yena_walk_normal_03_pose.csv,completed,29.995979091274627,373,125,125,0,100.0,
yena_walk_normal_04,yena,/content/carewave-round4-source/carewave_dataset/raw/videos/yena/yena_walk_normal_04.mp4,/content/drive/MyDrive/CareWave_Round4_Reextract/pose/yena_walk_normal_04_pose.csv,completed,29.996134518747585,388,130,130,0,100.0,
yena_walk_normal_05,yena,/content/carewave-round4-source/carewave_dataset/raw/videos/yena/yena_walk_normal_05.mp4,/content/drive/MyDrive/CareWave_Round4_Reextract/pose/yena_walk_normal_05_pose.csv,completed,29.996296753487226,405,135,135,0,100.0,
yena_walk_normal_06,yena,/content/carewave-round4-source/carewave_dataset/raw/videos/yena/yena_walk_normal_06.mp4,/content/drive/MyDrive/CareWave_Round4_Reextract/pose/yena_walk_normal_06_pose.csv,completed,29.99622213826974,397,133,133,0,100.0,
yena_walk_normal_07,yena,/content/carewave-round4-source/carewave_dataset/raw/videos/yena/yena_walk_normal_07.mp4,/content/drive/MyDrive/CareWave_Round4_Reextract/pose/yena_walk_normal_07_pose.csv,completed,29.9962410725473,399,133,133,0,100.0,
yena_walk_normal_08,yena,/content/carewave-round4-source/carewave_dataset/raw/videos/yena/yena_walk_normal_08.mp4,/content/drive/MyDrive/CareWave_Round4_Reextract/pose/yena_walk_normal_08_pose.csv,completed,29.99602174777881,377,126,126,0,100.0,
yena_walk_normal_09,yena,/content/carewave-round4-source/carewave_dataset/raw/videos/yena/yena_walk_normal_09.mp4,/content/drive/MyDrive/CareWave_Round4_Reextract/pose/yena_walk_normal_09_pose.csv,completed,29.996296753487226,405,135,135,0,100.0,
yena_walk_normal_10,yena,/content/carewave-round4-source/carewave_dataset/raw/videos/yena/yena_walk_normal_10.mp4,/content/drive/MyDrive/CareWave_Round4_Reextract/pose/yena_walk_normal_10_pose.csv,completed,29.99638597759306,415,139,139,0,100.0,
yena_walk_normal_11,yena,/content/carewave-round4-source/carewave_dataset/raw/videos/yena/yena_walk_normal_11.mp4,/content/drive/MyDrive/CareWave_Round4_Reextract/pose/yena_walk_normal_11_pose.csv,completed,29.996212599419266,396,132,132,0,100.0,
yena_walk_normal_12,yena,/content/carewave-round4-source/carewave_dataset/raw/videos/yena/yena_walk_normal_12.mp4,/content/drive/MyDrive/CareWave_Round4_Reextract/pose/yena_walk_normal_12_pose.csv,completed,29.99607381232823,382,128,128,0,100.0,
yena_walk_normal_13,yena,/content/carewave-round4-source/carewave_dataset/raw/videos/yena/yena_walk_normal_13.mp4,/content/drive/MyDrive/CareWave_Round4_Reextract/pose/yena_walk_normal_13_pose.csv,completed,29.99608406213288,383,128,128,0,100.0,
