epoch,train_loss,train_raw_loss,train_aux_loss,val_loss,val_raw_loss,val_aux_loss,val_mae,val_mse,val_mpjpe,val_pck_005,learning_rate
1,0.10503764051162631,0.07438908017683352,0.15324279786782152,0.11076795264846194,0.07844733695627557,0.1616030758130056,0.08573285230961783,0.017262667951276282,0.14103606612884356,0.21676607924823413,0.0003
2,0.08744251899785603,0.060721715173201025,0.13360401628403568,0.1281441850771305,0.08850966991923002,0.1981725726626259,0.09583757300215912,0.021781163188215387,0.15856272998838855,0.19559229335852601,0.0003
3,0.08004527931756883,0.05478105179869138,0.12632113459565866,0.10144599033703205,0.07024946707325776,0.15598261469131744,0.07773803718548096,0.015527650689808681,0.13035143193522775,0.24671249793391434,0.0003
4,0.07540875630099085,0.051133083528198744,0.12137836129607427,0.12106128546613987,0.08484494342203174,0.18108170407090723,0.09214676899720936,0.02125495312054277,0.15504906483040587,0.20940205788557129,0.0003
5,0.0730803063452483,0.04926864508502335,0.11905830510994009,0.11649318277467591,0.08129037977378485,0.1760140088811258,0.08854811332810798,0.02005198101421846,0.1499739167847399,0.21685523106698762,0.0003
6,0.06980302035631353,0.04666329607405173,0.11569861964696014,0.115952803047221,0.07953205340160767,0.1821037422658486,0.08683208995626127,0.01974882257493472,0.14592260352458347,0.2367363020878534,0.0003
7,0.06843066653002775,0.04561954189517779,0.11405562001603203,0.1008798622074952,0.06929575740440554,0.15792051815515792,0.07656941239352996,0.0165363210931565,0.12884201041019183,0.2860199639660825,0.0003
8,0.06674746511014235,0.044287517227113944,0.11229973866310626,0.10325782875184909,0.07207774617288631,0.15590041021400777,0.07948069466444001,0.016562995474558695,0.13249471216788886,0.26236772653516616,0.0003
9,0.0650183355669148,0.042945998927800676,0.11036168107070983,0.11816652694776782,0.08104901066174329,0.18558757988915228,0.08835898916242262,0.02031479356687151,0.14837860897573593,0.23259069890312128,0.0003
10,0.06437174465340581,0.04252427038992073,0.10923737073650824,0.1005472936378433,0.07065327508278053,0.14947009473495465,0.07804590902255892,0.01688188863668846,0.1319245094190664,0.28182977975285045,0.0003
11,0.06306921874668758,0.04153562795026919,0.10766795217233302,0.09629151600359047,0.06691199082746405,0.1468976220205343,0.07429732671859651,0.015227241570387002,0.12399566903486782,0.31326505249499326,0.0003
12,0.06167367863605471,0.04050415058934407,0.10584763868573305,0.10767952368325365,0.07321676025542487,0.17231381435312218,0.0806343007956613,0.017608519325158323,0.13655712857741614,0.2828817815563983,0.0003
13,0.060823048356828,0.03985922123560655,0.10481913429198302,0.10208999021425427,0.06960680806599985,0.162415911043767,0.07705321817467864,0.016192080835814807,0.12992234813900477,0.29005858242165417,0.0003
14,0.059714574713475355,0.03903153650014064,0.10341518835148132,0.09843857960337644,0.0680928083860583,0.15172885281175472,0.0755124837817708,0.015689171804649474,0.12599663404409728,0.30167519055289377,0.0003
15,0.0589612501338224,0.03860137583993866,0.10179936980641188,0.10142679617277978,0.06830073664007064,0.16563029210027017,0.07578398314915394,0.015514757943693927,0.12709986710239768,0.29966033605086556,0.0003
16,0.05759028455438277,0.037583386819293,0.1000344873513565,0.10367837126516671,0.07033007105340604,0.1667415021131515,0.07775964288719965,0.016562398073459925,0.1310754707628364,0.30860236400771784,0.00015
17,0.05544883777987324,0.03597667943384436,0.09736078920102285,0.09897881600524651,0.06618591019443709,0.1639645236781868,0.07364632393129085,0.015057394911501383,0.1233843514571368,0.31845374296058465,0.00015
18,0.05515113216371421,0.03572457590973429,0.0971327791256564,0.10186703690766376,0.06736189555722007,0.1725257056847184,0.07487816088258888,0.015357475738482515,0.12593332432795706,0.31920262730715204,0.00015
19,0.05485652386366887,0.035532674649033945,0.09661924431990138,0.10335654081027625,0.06876869146772678,0.17293924444513167,0.07616850772774475,0.016239757793449976,0.12877586964878415,0.3157345833518236,0.00015
20,0.05407234176581356,0.034986607460143114,0.09542867039808356,0.10042111396298545,0.06678323828672514,0.16818937453873967,0.07427717997163981,0.015344685177551925,0.12547981688628376,0.30733638993626344,0.00015
21,0.0535581159516582,0.03459640151637083,0.0948085709232286,0.10121788039790353,0.06747246945507564,0.16872705419244538,0.07488824442471782,0.015358679275493932,0.1252125154245808,0.31253399686390826,0.00015
22,0.05313869213520089,0.03426607198303285,0.09436309830647921,0.09788636429217255,0.0657684639946753,0.16058949937550207,0.07318612540792317,0.014859346305459922,0.12220024390496308,0.3260495604875422,0.00015
23,0.05281301167610409,0.033990110014970244,0.0941145066949948,0.10232132914601862,0.0676863710054863,0.17317478999903216,0.07530245979714653,0.014956299127875513,0.125167153225502,0.3011937651418261,0.00015
24,0.052773194275968084,0.03397555323767595,0.09398820278140221,0.10330923317232073,0.06801066105288245,0.17649285787473745,0.07556869033926829,0.01589974342941554,0.127324989045252,0.32601389990010904,0.00015
25,0.05213649520104754,0.03350629525540735,0.09315099865331043,0.0993319304309792,0.06665162582341697,0.16340152048523654,0.07431660213341394,0.015003634377805476,0.12443034381998325,0.31016253520742554,0.00015
26,0.0514863770589691,0.03296381759554064,0.09261279534900173,0.10220224022093714,0.06777787918543318,0.17212179766008348,0.07540504987291043,0.015491461457761905,0.12604015702165272,0.3269856649188741,0.00015
27,0.05162029211389039,0.03309652340251322,0.09261884177204704,0.10388116042257653,0.06886435873536861,0.17508400577276936,0.07660131140881407,0.015338001177635533,0.12745044868144614,0.29673612619843087,7.5e-05
28,0.050010136015058645,0.031869167750788525,0.09070483921753345,0.11133568533801724,0.07292731727272596,0.19204183513033948,0.08068725045646559,0.016620942995348952,0.13492246421514872,0.27711359748058406,7.5e-05
29,0.04966336355096202,0.0315582319092871,0.09052565683111918,0.09996899400398498,0.06598828546648063,0.16990354196416452,0.07367690356032362,0.014635008476207663,0.12317414404224318,0.31607336280952397,7.5e-05
30,0.049510099727262245,0.031573146972065966,0.08968476135512421,0.10383570249044183,0.06831542851425823,0.17760136698420065,0.07601748914990786,0.015284965098919098,0.12688214661760097,0.31340769563548687,7.5e-05
31,0.048827561829917515,0.031062652388903527,0.08882454485398922,0.10090811346761967,0.06653123682134114,0.1718843805615465,0.07427579612328958,0.014518631439985915,0.1236119659403276,0.3096721948440389,7.5e-05
32,0.048724416465617156,0.031050968540867564,0.08836723658846979,0.10938145497785873,0.07159476890112239,0.1889334284503448,0.07920537644377454,0.016672474532447062,0.13307259467006535,0.3018802406387439,3.75e-05
33,0.048348752816360134,0.030732080702281856,0.08808335922165578,0.10196885314451382,0.0668250560764882,0.1757189842507081,0.07455749067533504,0.014679052261731561,0.12458098419591516,0.3075503570820328,3.75e-05
34,0.04817079440682963,0.030628639181556134,0.08771077480808984,0.10361853917930784,0.0681846050628321,0.17716966934280734,0.07584423798696192,0.015066953064124701,0.12639263978106866,0.3031105505278984,3.75e-05
