sample_id,split,source_file,output_file,source_rows,candidate_windows,valid_windows,rejected_gap_windows,sequence_length,stride,feature_dim,status,error,processing_sec
hoyeon_fall_normal_01,train,/content/gdrive/MyDrive/CareWave_Round4_Reextract/model_ready_315/train/hoyeon_fall_normal_01_model_ready.npz,/content/gdrive/MyDrive/CareWave_Round4_Reextract/sequences_315/train/hoyeon_fall_normal_01_sequences.npz,1495,296,285,11,20,5,315,completed,,0.44177985191345215
hoyeon_free_activity_normal_01,train,/content/gdrive/MyDrive/CareWave_Round4_Reextract/model_ready_315/train/hoyeon_free_activity_normal_01_model_ready.npz,/content/gdrive/MyDrive/CareWave_Round4_Reextract/sequences_315/train/hoyeon_free_activity_normal_01_sequences.npz,1802,357,357,0,20,5,315,completed,,0.983062744140625
hoyeon_sit_normal_01,train,/content/gdrive/MyDrive/CareWave_Round4_Reextract/model_ready_315/train/hoyeon_sit_normal_01_model_ready.npz,/content/gdrive/MyDrive/CareWave_Round4_Reextract/sequences_315/train/hoyeon_sit_normal_01_sequences.npz,1205,238,238,0,20,5,315,completed,,0.27376246452331543
hoyeon_stand_normal_01,train,/content/gdrive/MyDrive/CareWave_Round4_Reextract/model_ready_315/train/hoyeon_stand_normal_01_model_ready.npz,/content/gdrive/MyDrive/CareWave_Round4_Reextract/sequences_315/train/hoyeon_stand_normal_01_sequences.npz,1210,239,239,0,20,5,315,completed,,0.24355435371398926
hoyeon_walk_large_motion_01,train,/content/gdrive/MyDrive/CareWave_Round4_Reextract/model_ready_315/train/hoyeon_walk_large_motion_01_model_ready.npz,/content/gdrive/MyDrive/CareWave_Round4_Reextract/sequences_315/train/hoyeon_walk_large_motion_01_sequences.npz,1802,357,357,0,20,5,315,completed,,0.34937381744384766
hoyeon_walk_normal_01,train,/content/gdrive/MyDrive/CareWave_Round4_Reextract/model_ready_315/train/hoyeon_walk_normal_01_model_ready.npz,/content/gdrive/MyDrive/CareWave_Round4_Reextract/sequences_315/train/hoyeon_walk_normal_01_sequences.npz,1206,238,238,0,20,5,315,completed,,0.22383332252502441
sujin_bending_normal_02,train,/content/gdrive/MyDrive/CareWave_Round4_Reextract/model_ready_315/train/sujin_bending_normal_02_model_ready.npz,/content/gdrive/MyDrive/CareWave_Round4_Reextract/sequences_315/train/sujin_bending_normal_02_sequences.npz,1795,356,342,14,20,5,315,completed,,0.4754974842071533
sujin_chair_sit_variation_01,train,/content/gdrive/MyDrive/CareWave_Round4_Reextract/model_ready_315/train/sujin_chair_sit_variation_01_model_ready.npz,/content/gdrive/MyDrive/CareWave_Round4_Reextract/sequences_315/train/sujin_chair_sit_variation_01_sequences.npz,1806,358,358,0,20,5,315,completed,,0.5898785591125488
sujin_chair_sit_variation_02,train,/content/gdrive/MyDrive/CareWave_Round4_Reextract/model_ready_315/train/sujin_chair_sit_variation_02_model_ready.npz,/content/gdrive/MyDrive/CareWave_Round4_Reextract/sequences_315/train/sujin_chair_sit_variation_02_sequences.npz,128,22,22,0,20,5,315,completed,,0.051666975021362305
sujin_chair_sit_variation_03,train,/content/gdrive/MyDrive/CareWave_Round4_Reextract/model_ready_315/train/sujin_chair_sit_variation_03_model_ready.npz,/content/gdrive/MyDrive/CareWave_Round4_Reextract/sequences_315/train/sujin_chair_sit_variation_03_sequences.npz,131,23,23,0,20,5,315,completed,,0.04864788055419922
sujin_fall_normal_01,train,/content/gdrive/MyDrive/CareWave_Round4_Reextract/model_ready_315/train/sujin_fall_normal_01_model_ready.npz,/content/gdrive/MyDrive/CareWave_Round4_Reextract/sequences_315/train/sujin_fall_normal_01_sequences.npz,1796,356,349,7,20,5,315,completed,,0.4370150566101074
sujin_fall_normal_02,train,/content/gdrive/MyDrive/CareWave_Round4_Reextract/model_ready_315/train/sujin_fall_normal_02_model_ready.npz,/content/gdrive/MyDrive/CareWave_Round4_Reextract/sequences_315/train/sujin_fall_normal_02_sequences.npz,1201,237,233,4,20,5,315,completed,,0.23514509201049805
sujin_fall_normal_03,train,/content/gdrive/MyDrive/CareWave_Round4_Reextract/model_ready_315/train/sujin_fall_normal_03_model_ready.npz,/content/gdrive/MyDrive/CareWave_Round4_Reextract/sequences_315/train/sujin_fall_normal_03_sequences.npz,125,22,22,0,20,5,315,completed,,0.04686331748962402
sujin_fall_normal_06,train,/content/gdrive/MyDrive/CareWave_Round4_Reextract/model_ready_315/train/sujin_fall_normal_06_model_ready.npz,/content/gdrive/MyDrive/CareWave_Round4_Reextract/sequences_315/train/sujin_fall_normal_06_sequences.npz,127,22,19,3,20,5,315,completed,,0.0595860481262207
sujin_fall_normal_07,train,/content/gdrive/MyDrive/CareWave_Round4_Reextract/model_ready_315/train/sujin_fall_normal_07_model_ready.npz,/content/gdrive/MyDrive/CareWave_Round4_Reextract/sequences_315/train/sujin_fall_normal_07_sequences.npz,127,22,22,0,20,5,315,completed,,0.06910967826843262
sujin_fall_normal_08,train,/content/gdrive/MyDrive/CareWave_Round4_Reextract/model_ready_315/train/sujin_fall_normal_08_model_ready.npz,/content/gdrive/MyDrive/CareWave_Round4_Reextract/sequences_315/train/sujin_fall_normal_08_sequences.npz,126,22,22,0,20,5,315,completed,,0.08137059211730957
sujin_fall_normal_09,train,/content/gdrive/MyDrive/CareWave_Round4_Reextract/model_ready_315/train/sujin_fall_normal_09_model_ready.npz,/content/gdrive/MyDrive/CareWave_Round4_Reextract/sequences_315/train/sujin_fall_normal_09_sequences.npz,127,22,22,0,20,5,315,completed,,0.04079794883728027
sujin_fall_normal_10,train,/content/gdrive/MyDrive/CareWave_Round4_Reextract/model_ready_315/train/sujin_fall_normal_10_model_ready.npz,/content/gdrive/MyDrive/CareWave_Round4_Reextract/sequences_315/train/sujin_fall_normal_10_sequences.npz,130,23,23,0,20,5,315,completed,,0.03485536575317383
sujin_fall_normal_11,train,/content/gdrive/MyDrive/CareWave_Round4_Reextract/model_ready_315/train/sujin_fall_normal_11_model_ready.npz,/content/gdrive/MyDrive/CareWave_Round4_Reextract/sequences_315/train/sujin_fall_normal_11_sequences.npz,126,22,22,0,20,5,315,completed,,0.043265581130981445
sujin_fall_normal_12,train,/content/gdrive/MyDrive/CareWave_Round4_Reextract/model_ready_315/train/sujin_fall_normal_12_model_ready.npz,/content/gdrive/MyDrive/CareWave_Round4_Reextract/sequences_315/train/sujin_fall_normal_12_sequences.npz,155,28,28,0,20,5,315,completed,,0.05864238739013672
sujin_fall_normal_13,train,/content/gdrive/MyDrive/CareWave_Round4_Reextract/model_ready_315/train/sujin_fall_normal_13_model_ready.npz,/content/gdrive/MyDrive/CareWave_Round4_Reextract/sequences_315/train/sujin_fall_normal_13_sequences.npz,128,22,22,0,20,5,315,completed,,0.06071925163269043
sujin_fall_normal_14,train,/content/gdrive/MyDrive/CareWave_Round4_Reextract/model_ready_315/train/sujin_fall_normal_14_model_ready.npz,/content/gdrive/MyDrive/CareWave_Round4_Reextract/sequences_315/train/sujin_fall_normal_14_sequences.npz,128,22,22,0,20,5,315,completed,,0.08802652359008789
sujin_fall_normal_15,train,/content/gdrive/MyDrive/CareWave_Round4_Reextract/model_ready_315/train/sujin_fall_normal_15_model_ready.npz,/content/gdrive/MyDrive/CareWave_Round4_Reextract/sequences_315/train/sujin_fall_normal_15_sequences.npz,127,22,18,4,20,5,315,completed,,0.047507286071777344
sujin_fall_normal_16,train,/content/gdrive/MyDrive/CareWave_Round4_Reextract/model_ready_315/train/sujin_fall_normal_16_model_ready.npz,/content/gdrive/MyDrive/CareWave_Round4_Reextract/sequences_315/train/sujin_fall_normal_16_sequences.npz,126,22,22,0,20,5,315,completed,,0.06096601486206055
sujin_fall_stay_down_01,train,/content/gdrive/MyDrive/CareWave_Round4_Reextract/model_ready_315/train/sujin_fall_stay_down_01_model_ready.npz,/content/gdrive/MyDrive/CareWave_Round4_Reextract/sequences_315/train/sujin_fall_stay_down_01_sequences.npz,1810,359,339,20,20,5,315,completed,,0.34243226051330566
sujin_fall_stay_down_02,train,/content/gdrive/MyDrive/CareWave_Round4_Reextract/model_ready_315/train/sujin_fall_stay_down_02_model_ready.npz,/content/gdrive/MyDrive/CareWave_Round4_Reextract/sequences_315/train/sujin_fall_stay_down_02_sequences.npz,108,18,18,0,20,5,315,completed,,0.05221247673034668
sujin_fall_stay_down_05,train,/content/gdrive/MyDrive/CareWave_Round4_Reextract/model_ready_315/train/sujin_fall_stay_down_05_model_ready.npz,/content/gdrive/MyDrive/CareWave_Round4_Reextract/sequences_315/train/sujin_fall_stay_down_05_sequences.npz,99,16,16,0,20,5,315,completed,,0.03235197067260742
sujin_free_activity_03,train,/content/gdrive/MyDrive/CareWave_Round4_Reextract/model_ready_315/train/sujin_free_activity_03_model_ready.npz,/content/gdrive/MyDrive/CareWave_Round4_Reextract/sequences_315/train/sujin_free_activity_03_sequences.npz,2997,596,596,0,20,5,315,completed,,0.5946404933929443
sujin_free_activity_normal_02,train,/content/gdrive/MyDrive/CareWave_Round4_Reextract/model_ready_315/train/sujin_free_activity_normal_02_model_ready.npz,/content/gdrive/MyDrive/CareWave_Round4_Reextract/sequences_315/train/sujin_free_activity_normal_02_sequences.npz,3004,597,597,0,20,5,315,completed,,0.6807866096496582
sujin_lie_down_normal_01,train,/content/gdrive/MyDrive/CareWave_Round4_Reextract/model_ready_315/train/sujin_lie_down_normal_01_model_ready.npz,/content/gdrive/MyDrive/CareWave_Round4_Reextract/sequences_315/train/sujin_lie_down_normal_01_sequences.npz,1792,355,346,9,20,5,315,completed,,0.4925823211669922
sujin_pick_up_normal_02,train,/content/gdrive/MyDrive/CareWave_Round4_Reextract/model_ready_315/train/sujin_pick_up_normal_02_model_ready.npz,/content/gdrive/MyDrive/CareWave_Round4_Reextract/sequences_315/train/sujin_pick_up_normal_02_sequences.npz,1798,356,346,10,20,5,315,completed,,0.635890007019043
sujin_pick_up_normal_03,train,/content/gdrive/MyDrive/CareWave_Round4_Reextract/model_ready_315/train/sujin_pick_up_normal_03_model_ready.npz,/content/gdrive/MyDrive/CareWave_Round4_Reextract/sequences_315/train/sujin_pick_up_normal_03_sequences.npz,130,23,23,0,20,5,315,completed,,0.0757303237915039
sujin_pick_up_normal_04,train,/content/gdrive/MyDrive/CareWave_Round4_Reextract/model_ready_315/train/sujin_pick_up_normal_04_model_ready.npz,/content/gdrive/MyDrive/CareWave_Round4_Reextract/sequences_315/train/sujin_pick_up_normal_04_sequences.npz,126,22,22,0,20,5,315,completed,,0.07066178321838379
sujin_pick_up_normal_05,train,/content/gdrive/MyDrive/CareWave_Round4_Reextract/model_ready_315/train/sujin_pick_up_normal_05_model_ready.npz,/content/gdrive/MyDrive/CareWave_Round4_Reextract/sequences_315/train/sujin_pick_up_normal_05_sequences.npz,126,22,22,0,20,5,315,completed,,0.07387042045593262
sujin_pick_up_normal_06,train,/content/gdrive/MyDrive/CareWave_Round4_Reextract/model_ready_315/train/sujin_pick_up_normal_06_model_ready.npz,/content/gdrive/MyDrive/CareWave_Round4_Reextract/sequences_315/train/sujin_pick_up_normal_06_sequences.npz,129,22,22,0,20,5,315,completed,,0.06848382949829102
sujin_pick_up_normal_07,train,/content/gdrive/MyDrive/CareWave_Round4_Reextract/model_ready_315/train/sujin_pick_up_normal_07_model_ready.npz,/content/gdrive/MyDrive/CareWave_Round4_Reextract/sequences_315/train/sujin_pick_up_normal_07_sequences.npz,133,23,23,0,20,5,315,completed,,0.06088685989379883
sujin_pick_up_normal_08,train,/content/gdrive/MyDrive/CareWave_Round4_Reextract/model_ready_315/train/sujin_pick_up_normal_08_model_ready.npz,/content/gdrive/MyDrive/CareWave_Round4_Reextract/sequences_315/train/sujin_pick_up_normal_08_sequences.npz,129,22,22,0,20,5,315,completed,,0.06401300430297852
sujin_pick_up_normal_09,train,/content/gdrive/MyDrive/CareWave_Round4_Reextract/model_ready_315/train/sujin_pick_up_normal_09_model_ready.npz,/content/gdrive/MyDrive/CareWave_Round4_Reextract/sequences_315/train/sujin_pick_up_normal_09_sequences.npz,127,22,22,0,20,5,315,completed,,0.06535458564758301
sujin_pick_up_normal_10,train,/content/gdrive/MyDrive/CareWave_Round4_Reextract/model_ready_315/train/sujin_pick_up_normal_10_model_ready.npz,/content/gdrive/MyDrive/CareWave_Round4_Reextract/sequences_315/train/sujin_pick_up_normal_10_sequences.npz,123,21,21,0,20,5,315,completed,,0.1571669578552246
sujin_pick_up_normal_11,train,/content/gdrive/MyDrive/CareWave_Round4_Reextract/model_ready_315/train/sujin_pick_up_normal_11_model_ready.npz,/content/gdrive/MyDrive/CareWave_Round4_Reextract/sequences_315/train/sujin_pick_up_normal_11_sequences.npz,129,22,22,0,20,5,315,completed,,0.2089676856994629
sujin_pick_up_variation_01,train,/content/gdrive/MyDrive/CareWave_Round4_Reextract/model_ready_315/train/sujin_pick_up_variation_01_model_ready.npz,/content/gdrive/MyDrive/CareWave_Round4_Reextract/sequences_315/train/sujin_pick_up_variation_01_sequences.npz,1802,357,353,4,20,5,315,completed,,0.630242109298706
sujin_pick_up_variation_02,train,/content/gdrive/MyDrive/CareWave_Round4_Reextract/model_ready_315/train/sujin_pick_up_variation_02_model_ready.npz,/content/gdrive/MyDrive/CareWave_Round4_Reextract/sequences_315/train/sujin_pick_up_variation_02_sequences.npz,129,22,22,0,20,5,315,completed,,0.09730172157287598
sujin_pick_up_variation_03,train,/content/gdrive/MyDrive/CareWave_Round4_Reextract/model_ready_315/train/sujin_pick_up_variation_03_model_ready.npz,/content/gdrive/MyDrive/CareWave_Round4_Reextract/sequences_315/train/sujin_pick_up_variation_03_sequences.npz,128,22,22,0,20,5,315,completed,,0.07795357704162598
sujin_pick_up_variation_04,train,/content/gdrive/MyDrive/CareWave_Round4_Reextract/model_ready_315/train/sujin_pick_up_variation_04_model_ready.npz,/content/gdrive/MyDrive/CareWave_Round4_Reextract/sequences_315/train/sujin_pick_up_variation_04_sequences.npz,127,22,22,0,20,5,315,completed,,0.16194486618041992
sujin_pick_up_variation_05,train,/content/gdrive/MyDrive/CareWave_Round4_Reextract/model_ready_315/train/sujin_pick_up_variation_05_model_ready.npz,/content/gdrive/MyDrive/CareWave_Round4_Reextract/sequences_315/train/sujin_pick_up_variation_05_sequences.npz,126,22,22,0,20,5,315,completed,,0.12325048446655273
sujin_sit_normal_01,train,/content/gdrive/MyDrive/CareWave_Round4_Reextract/model_ready_315/train/sujin_sit_normal_01_model_ready.npz,/content/gdrive/MyDrive/CareWave_Round4_Reextract/sequences_315/train/sujin_sit_normal_01_sequences.npz,1216,240,240,0,20,5,315,completed,,0.47481393814086914
sujin_sit_normal_03,train,/content/gdrive/MyDrive/CareWave_Round4_Reextract/model_ready_315/train/sujin_sit_normal_03_model_ready.npz,/content/gdrive/MyDrive/CareWave_Round4_Reextract/sequences_315/train/sujin_sit_normal_03_sequences.npz,128,22,22,0,20,5,315,completed,,0.11831808090209961
sujin_sit_normal_04,train,/content/gdrive/MyDrive/CareWave_Round4_Reextract/model_ready_315/train/sujin_sit_normal_04_model_ready.npz,/content/gdrive/MyDrive/CareWave_Round4_Reextract/sequences_315/train/sujin_sit_normal_04_sequences.npz,139,24,24,0,20,5,315,completed,,0.1119837760925293
sujin_sit_normal_05,train,/content/gdrive/MyDrive/CareWave_Round4_Reextract/model_ready_315/train/sujin_sit_normal_05_model_ready.npz,/content/gdrive/MyDrive/CareWave_Round4_Reextract/sequences_315/train/sujin_sit_normal_05_sequences.npz,127,22,22,0,20,5,315,completed,,0.09485268592834473
sujin_sit_normal_06,train,/content/gdrive/MyDrive/CareWave_Round4_Reextract/model_ready_315/train/sujin_sit_normal_06_model_ready.npz,/content/gdrive/MyDrive/CareWave_Round4_Reextract/sequences_315/train/sujin_sit_normal_06_sequences.npz,129,22,22,0,20,5,315,completed,,0.03876829147338867
sujin_sit_normal_07,train,/content/gdrive/MyDrive/CareWave_Round4_Reextract/model_ready_315/train/sujin_sit_normal_07_model_ready.npz,/content/gdrive/MyDrive/CareWave_Round4_Reextract/sequences_315/train/sujin_sit_normal_07_sequences.npz,126,22,22,0,20,5,315,completed,,0.03289985656738281
sujin_sit_normal_08,train,/content/gdrive/MyDrive/CareWave_Round4_Reextract/model_ready_315/train/sujin_sit_normal_08_model_ready.npz,/content/gdrive/MyDrive/CareWave_Round4_Reextract/sequences_315/train/sujin_sit_normal_08_sequences.npz,126,22,22,0,20,5,315,completed,,0.030652761459350586
sujin_sit_normal_09,train,/content/gdrive/MyDrive/CareWave_Round4_Reextract/model_ready_315/train/sujin_sit_normal_09_model_ready.npz,/content/gdrive/MyDrive/CareWave_Round4_Reextract/sequences_315/train/sujin_sit_normal_09_sequences.npz,129,22,22,0,20,5,315,completed,,0.03689694404602051
sujin_sit_to_stand_normal_01,train,/content/gdrive/MyDrive/CareWave_Round4_Reextract/model_ready_315/train/sujin_sit_to_stand_normal_01_model_ready.npz,/content/gdrive/MyDrive/CareWave_Round4_Reextract/sequences_315/train/sujin_sit_to_stand_normal_01_sequences.npz,1805,358,358,0,20,5,315,completed,,0.33834266662597656
sujin_sit_to_stand_normal_03,train,/content/gdrive/MyDrive/CareWave_Round4_Reextract/model_ready_315/train/sujin_sit_to_stand_normal_03_model_ready.npz,/content/gdrive/MyDrive/CareWave_Round4_Reextract/sequences_315/train/sujin_sit_to_stand_normal_03_sequences.npz,130,23,23,0,20,5,315,completed,,0.038352251052856445
sujin_sit_to_stand_normal_04,train,/content/gdrive/MyDrive/CareWave_Round4_Reextract/model_ready_315/train/sujin_sit_to_stand_normal_04_model_ready.npz,/content/gdrive/MyDrive/CareWave_Round4_Reextract/sequences_315/train/sujin_sit_to_stand_normal_04_sequences.npz,126,22,22,0,20,5,315,completed,,0.036026954650878906
sujin_sit_to_stand_normal_05,train,/content/gdrive/MyDrive/CareWave_Round4_Reextract/model_ready_315/train/sujin_sit_to_stand_normal_05_model_ready.npz,/content/gdrive/MyDrive/CareWave_Round4_Reextract/sequences_315/train/sujin_sit_to_stand_normal_05_sequences.npz,127,22,22,0,20,5,315,completed,,0.03610420227050781
sujin_stand_normal_01,train,/content/gdrive/MyDrive/CareWave_Round4_Reextract/model_ready_315/train/sujin_stand_normal_01_model_ready.npz,/content/gdrive/MyDrive/CareWave_Round4_Reextract/sequences_315/train/sujin_stand_normal_01_sequences.npz,1206,238,238,0,20,5,315,completed,,0.20585870742797852
sujin_stand_normal_02,train,/content/gdrive/MyDrive/CareWave_Round4_Reextract/model_ready_315/train/sujin_stand_normal_02_model_ready.npz,/content/gdrive/MyDrive/CareWave_Round4_Reextract/sequences_315/train/sujin_stand_normal_02_sequences.npz,603,117,117,0,20,5,315,completed,,0.10311412811279297
sujin_stand_normal_03,train,/content/gdrive/MyDrive/CareWave_Round4_Reextract/model_ready_315/train/sujin_stand_normal_03_model_ready.npz,/content/gdrive/MyDrive/CareWave_Round4_Reextract/sequences_315/train/sujin_stand_normal_03_sequences.npz,131,23,23,0,20,5,315,completed,,0.051859378814697266
sujin_stand_normal_04,train,/content/gdrive/MyDrive/CareWave_Round4_Reextract/model_ready_315/train/sujin_stand_normal_04_model_ready.npz,/content/gdrive/MyDrive/CareWave_Round4_Reextract/sequences_315/train/sujin_stand_normal_04_sequences.npz,126,22,22,0,20,5,315,completed,,0.0394895076751709
sujin_stand_normal_05,train,/content/gdrive/MyDrive/CareWave_Round4_Reextract/model_ready_315/train/sujin_stand_normal_05_model_ready.npz,/content/gdrive/MyDrive/CareWave_Round4_Reextract/sequences_315/train/sujin_stand_normal_05_sequences.npz,131,23,23,0,20,5,315,completed,,0.03313302993774414
sujin_stand_normal_07,train,/content/gdrive/MyDrive/CareWave_Round4_Reextract/model_ready_315/train/sujin_stand_normal_07_model_ready.npz,/content/gdrive/MyDrive/CareWave_Round4_Reextract/sequences_315/train/sujin_stand_normal_07_sequences.npz,128,22,22,0,20,5,315,completed,,0.030257463455200195
sujin_stand_normal_08,train,/content/gdrive/MyDrive/CareWave_Round4_Reextract/model_ready_315/train/sujin_stand_normal_08_model_ready.npz,/content/gdrive/MyDrive/CareWave_Round4_Reextract/sequences_315/train/sujin_stand_normal_08_sequences.npz,128,22,22,0,20,5,315,completed,,0.03209996223449707
sujin_stand_normal_09,train,/content/gdrive/MyDrive/CareWave_Round4_Reextract/model_ready_315/train/sujin_stand_normal_09_model_ready.npz,/content/gdrive/MyDrive/CareWave_Round4_Reextract/sequences_315/train/sujin_stand_normal_09_sequences.npz,127,22,22,0,20,5,315,completed,,0.030533552169799805
sujin_stand_normal_10,train,/content/gdrive/MyDrive/CareWave_Round4_Reextract/model_ready_315/train/sujin_stand_normal_10_model_ready.npz,/content/gdrive/MyDrive/CareWave_Round4_Reextract/sequences_315/train/sujin_stand_normal_10_sequences.npz,128,22,22,0,20,5,315,completed,,0.029262542724609375
sujin_stand_normal_11,train,/content/gdrive/MyDrive/CareWave_Round4_Reextract/model_ready_315/train/sujin_stand_normal_11_model_ready.npz,/content/gdrive/MyDrive/CareWave_Round4_Reextract/sequences_315/train/sujin_stand_normal_11_sequences.npz,130,23,23,0,20,5,315,completed,,0.038360595703125
sujin_stand_normal_12,train,/content/gdrive/MyDrive/CareWave_Round4_Reextract/model_ready_315/train/sujin_stand_normal_12_model_ready.npz,/content/gdrive/MyDrive/CareWave_Round4_Reextract/sequences_315/train/sujin_stand_normal_12_sequences.npz,130,23,23,0,20,5,315,completed,,0.031249046325683594
sujin_walk_normal_01,train,/content/gdrive/MyDrive/CareWave_Round4_Reextract/model_ready_315/train/sujin_walk_normal_01_model_ready.npz,/content/gdrive/MyDrive/CareWave_Round4_Reextract/sequences_315/train/sujin_walk_normal_01_sequences.npz,1205,238,238,0,20,5,315,completed,,0.1654360294342041
sujin_walk_normal_02,train,/content/gdrive/MyDrive/CareWave_Round4_Reextract/model_ready_315/train/sujin_walk_normal_02_model_ready.npz,/content/gdrive/MyDrive/CareWave_Round4_Reextract/sequences_315/train/sujin_walk_normal_02_sequences.npz,125,22,22,0,20,5,315,completed,,0.0334477424621582
sujin_walk_normal_03,train,/content/gdrive/MyDrive/CareWave_Round4_Reextract/model_ready_315/train/sujin_walk_normal_03_model_ready.npz,/content/gdrive/MyDrive/CareWave_Round4_Reextract/sequences_315/train/sujin_walk_normal_03_sequences.npz,128,22,22,0,20,5,315,completed,,0.029900312423706055
sujin_walk_normal_04,train,/content/gdrive/MyDrive/CareWave_Round4_Reextract/model_ready_315/train/sujin_walk_normal_04_model_ready.npz,/content/gdrive/MyDrive/CareWave_Round4_Reextract/sequences_315/train/sujin_walk_normal_04_sequences.npz,129,22,22,0,20,5,315,completed,,0.034423112869262695
sujin_walk_normal_05,train,/content/gdrive/MyDrive/CareWave_Round4_Reextract/model_ready_315/train/sujin_walk_normal_05_model_ready.npz,/content/gdrive/MyDrive/CareWave_Round4_Reextract/sequences_315/train/sujin_walk_normal_05_sequences.npz,128,22,22,0,20,5,315,completed,,0.033426523208618164
sujin_walk_normal_08,train,/content/gdrive/MyDrive/CareWave_Round4_Reextract/model_ready_315/train/sujin_walk_normal_08_model_ready.npz,/content/gdrive/MyDrive/CareWave_Round4_Reextract/sequences_315/train/sujin_walk_normal_08_sequences.npz,122,21,21,0,20,5,315,completed,,0.029191017150878906
sujin_walk_normal_09,train,/content/gdrive/MyDrive/CareWave_Round4_Reextract/model_ready_315/train/sujin_walk_normal_09_model_ready.npz,/content/gdrive/MyDrive/CareWave_Round4_Reextract/sequences_315/train/sujin_walk_normal_09_sequences.npz,127,22,22,0,20,5,315,completed,,0.029360294342041016
sujin_walk_normal_10,train,/content/gdrive/MyDrive/CareWave_Round4_Reextract/model_ready_315/train/sujin_walk_normal_10_model_ready.npz,/content/gdrive/MyDrive/CareWave_Round4_Reextract/sequences_315/train/sujin_walk_normal_10_sequences.npz,129,22,22,0,20,5,315,completed,,0.03168153762817383
sujin_walk_normal_11,train,/content/gdrive/MyDrive/CareWave_Round4_Reextract/model_ready_315/train/sujin_walk_normal_11_model_ready.npz,/content/gdrive/MyDrive/CareWave_Round4_Reextract/sequences_315/train/sujin_walk_normal_11_sequences.npz,127,22,22,0,20,5,315,completed,,0.02957773208618164
sujin_walk_normal_12,train,/content/gdrive/MyDrive/CareWave_Round4_Reextract/model_ready_315/train/sujin_walk_normal_12_model_ready.npz,/content/gdrive/MyDrive/CareWave_Round4_Reextract/sequences_315/train/sujin_walk_normal_12_sequences.npz,128,22,22,0,20,5,315,completed,,0.048563241958618164
yena_arm_move_normal_01,train,/content/gdrive/MyDrive/CareWave_Round4_Reextract/model_ready_315/train/yena_arm_move_normal_01_model_ready.npz,/content/gdrive/MyDrive/CareWave_Round4_Reextract/sequences_315/train/yena_arm_move_normal_01_sequences.npz,1813,359,359,0,20,5,315,completed,,0.21276497840881348
yena_chair_sit_variation_02,train,/content/gdrive/MyDrive/CareWave_Round4_Reextract/model_ready_315/train/yena_chair_sit_variation_02_model_ready.npz,/content/gdrive/MyDrive/CareWave_Round4_Reextract/sequences_315/train/yena_chair_sit_variation_02_sequences.npz,125,22,22,0,20,5,315,completed,,0.03282976150512695
yena_chair_sit_variation_03,train,/content/gdrive/MyDrive/CareWave_Round4_Reextract/model_ready_315/train/yena_chair_sit_variation_03_model_ready.npz,/content/gdrive/MyDrive/CareWave_Round4_Reextract/sequences_315/train/yena_chair_sit_variation_03_sequences.npz,129,22,22,0,20,5,315,completed,,0.03067803382873535
yena_fall_normal_01,train,/content/gdrive/MyDrive/CareWave_Round4_Reextract/model_ready_315/train/yena_fall_normal_01_model_ready.npz,/content/gdrive/MyDrive/CareWave_Round4_Reextract/sequences_315/train/yena_fall_normal_01_sequences.npz,1802,357,357,0,20,5,315,completed,,0.20408844947814941
yena_fall_normal_02,train,/content/gdrive/MyDrive/CareWave_Round4_Reextract/model_ready_315/train/yena_fall_normal_02_model_ready.npz,/content/gdrive/MyDrive/CareWave_Round4_Reextract/sequences_315/train/yena_fall_normal_02_sequences.npz,1802,357,357,0,20,5,315,completed,,0.22075486183166504
yena_fall_normal_04,train,/content/gdrive/MyDrive/CareWave_Round4_Reextract/model_ready_315/train/yena_fall_normal_04_model_ready.npz,/content/gdrive/MyDrive/CareWave_Round4_Reextract/sequences_315/train/yena_fall_normal_04_sequences.npz,130,23,23,0,20,5,315,completed,,0.03272700309753418
yena_fall_normal_05,train,/content/gdrive/MyDrive/CareWave_Round4_Reextract/model_ready_315/train/yena_fall_normal_05_model_ready.npz,/content/gdrive/MyDrive/CareWave_Round4_Reextract/sequences_315/train/yena_fall_normal_05_sequences.npz,125,22,22,0,20,5,315,completed,,0.0326838493347168
yena_fall_normal_06,train,/content/gdrive/MyDrive/CareWave_Round4_Reextract/model_ready_315/train/yena_fall_normal_06_model_ready.npz,/content/gdrive/MyDrive/CareWave_Round4_Reextract/sequences_315/train/yena_fall_normal_06_sequences.npz,123,21,21,0,20,5,315,completed,,0.032469987869262695
yena_fall_normal_07,train,/content/gdrive/MyDrive/CareWave_Round4_Reextract/model_ready_315/train/yena_fall_normal_07_model_ready.npz,/content/gdrive/MyDrive/CareWave_Round4_Reextract/sequences_315/train/yena_fall_normal_07_sequences.npz,127,22,22,0,20,5,315,completed,,0.028939485549926758
yena_fall_normal_09,train,/content/gdrive/MyDrive/CareWave_Round4_Reextract/model_ready_315/train/yena_fall_normal_09_model_ready.npz,/content/gdrive/MyDrive/CareWave_Round4_Reextract/sequences_315/train/yena_fall_normal_09_sequences.npz,123,21,21,0,20,5,315,completed,,0.030308008193969727
yena_fall_normal_0,train,/content/gdrive/MyDrive/CareWave_Round4_Reextract/model_ready_315/train/yena_fall_normal_0_model_ready.npz,/content/gdrive/MyDrive/CareWave_Round4_Reextract/sequences_315/train/yena_fall_normal_0_sequences.npz,1203,237,237,0,20,5,315,completed,,0.15833830833435059
yena_fall_normal_10,train,/content/gdrive/MyDrive/CareWave_Round4_Reextract/model_ready_315/train/yena_fall_normal_10_model_ready.npz,/content/gdrive/MyDrive/CareWave_Round4_Reextract/sequences_315/train/yena_fall_normal_10_sequences.npz,123,21,21,0,20,5,315,completed,,0.03253173828125
yena_fall_normal_11,train,/content/gdrive/MyDrive/CareWave_Round4_Reextract/model_ready_315/train/yena_fall_normal_11_model_ready.npz,/content/gdrive/MyDrive/CareWave_Round4_Reextract/sequences_315/train/yena_fall_normal_11_sequences.npz,135,24,24,0,20,5,315,completed,,0.03251194953918457
yena_fall_normal_13,train,/content/gdrive/MyDrive/CareWave_Round4_Reextract/model_ready_315/train/yena_fall_normal_13_model_ready.npz,/content/gdrive/MyDrive/CareWave_Round4_Reextract/sequences_315/train/yena_fall_normal_13_sequences.npz,125,22,22,0,20,5,315,completed,,0.03225517272949219
yena_fall_normal_15,train,/content/gdrive/MyDrive/CareWave_Round4_Reextract/model_ready_315/train/yena_fall_normal_15_model_ready.npz,/content/gdrive/MyDrive/CareWave_Round4_Reextract/sequences_315/train/yena_fall_normal_15_sequences.npz,123,21,21,0,20,5,315,completed,,0.03260517120361328
yena_fall_normal_16,train,/content/gdrive/MyDrive/CareWave_Round4_Reextract/model_ready_315/train/yena_fall_normal_16_model_ready.npz,/content/gdrive/MyDrive/CareWave_Round4_Reextract/sequences_315/train/yena_fall_normal_16_sequences.npz,121,21,21,0,20,5,315,completed,,0.033774614334106445
yena_fall_normal_17,train,/content/gdrive/MyDrive/CareWave_Round4_Reextract/model_ready_315/train/yena_fall_normal_17_model_ready.npz,/content/gdrive/MyDrive/CareWave_Round4_Reextract/sequences_315/train/yena_fall_normal_17_sequences.npz,126,22,22,0,20,5,315,completed,,0.06954240798950195
yena_fall_stay_down_01,train,/content/gdrive/MyDrive/CareWave_Round4_Reextract/model_ready_315/train/yena_fall_stay_down_01_model_ready.npz,/content/gdrive/MyDrive/CareWave_Round4_Reextract/sequences_315/train/yena_fall_stay_down_01_sequences.npz,1804,357,354,3,20,5,315,completed,,0.26619458198547363
yena_fall_stay_down_02,train,/content/gdrive/MyDrive/CareWave_Round4_Reextract/model_ready_315/train/yena_fall_stay_down_02_model_ready.npz,/content/gdrive/MyDrive/CareWave_Round4_Reextract/sequences_315/train/yena_fall_stay_down_02_sequences.npz,130,23,23,0,20,5,315,completed,,0.034697771072387695
yena_fall_stay_down_03,train,/content/gdrive/MyDrive/CareWave_Round4_Reextract/model_ready_315/train/yena_fall_stay_down_03_model_ready.npz,/content/gdrive/MyDrive/CareWave_Round4_Reextract/sequences_315/train/yena_fall_stay_down_03_sequences.npz,124,21,21,0,20,5,315,completed,,0.04113292694091797
yena_fall_stay_down_04,train,/content/gdrive/MyDrive/CareWave_Round4_Reextract/model_ready_315/train/yena_fall_stay_down_04_model_ready.npz,/content/gdrive/MyDrive/CareWave_Round4_Reextract/sequences_315/train/yena_fall_stay_down_04_sequences.npz,126,22,22,0,20,5,315,completed,,0.03914928436279297
yena_fall_stay_down_05,train,/content/gdrive/MyDrive/CareWave_Round4_Reextract/model_ready_315/train/yena_fall_stay_down_05_model_ready.npz,/content/gdrive/MyDrive/CareWave_Round4_Reextract/sequences_315/train/yena_fall_stay_down_05_sequences.npz,125,22,22,0,20,5,315,completed,,0.04952406883239746
yena_free_activity_normal_01,train,/content/gdrive/MyDrive/CareWave_Round4_Reextract/model_ready_315/train/yena_free_activity_normal_01_model_ready.npz,/content/gdrive/MyDrive/CareWave_Round4_Reextract/sequences_315/train/yena_free_activity_normal_01_sequences.npz,1799,356,356,0,20,5,315,completed,,0.442612886428833
yena_free_activity_normal_02,train,/content/gdrive/MyDrive/CareWave_Round4_Reextract/model_ready_315/train/yena_free_activity_normal_02_model_ready.npz,/content/gdrive/MyDrive/CareWave_Round4_Reextract/sequences_315/train/yena_free_activity_normal_02_sequences.npz,3007,598,598,0,20,5,315,completed,,0.3323047161102295
yena_pick_up_normal_01,train,/content/gdrive/MyDrive/CareWave_Round4_Reextract/model_ready_315/train/yena_pick_up_normal_01_model_ready.npz,/content/gdrive/MyDrive/CareWave_Round4_Reextract/sequences_315/train/yena_pick_up_normal_01_sequences.npz,1801,357,357,0,20,5,315,completed,,0.2350783348083496
yena_pick_up_normal_02,train,/content/gdrive/MyDrive/CareWave_Round4_Reextract/model_ready_315/train/yena_pick_up_normal_02_model_ready.npz,/content/gdrive/MyDrive/CareWave_Round4_Reextract/sequences_315/train/yena_pick_up_normal_02_sequences.npz,139,24,24,0,20,5,315,completed,,0.0360257625579834
yena_pick_up_normal_04,train,/content/gdrive/MyDrive/CareWave_Round4_Reextract/model_ready_315/train/yena_pick_up_normal_04_model_ready.npz,/content/gdrive/MyDrive/CareWave_Round4_Reextract/sequences_315/train/yena_pick_up_normal_04_sequences.npz,117,20,20,0,20,5,315,completed,,0.028237104415893555
yena_pick_up_normal_05,train,/content/gdrive/MyDrive/CareWave_Round4_Reextract/model_ready_315/train/yena_pick_up_normal_05_model_ready.npz,/content/gdrive/MyDrive/CareWave_Round4_Reextract/sequences_315/train/yena_pick_up_normal_05_sequences.npz,134,23,23,0,20,5,315,completed,,0.030188560485839844
yena_pick_up_normal_06,train,/content/gdrive/MyDrive/CareWave_Round4_Reextract/model_ready_315/train/yena_pick_up_normal_06_model_ready.npz,/content/gdrive/MyDrive/CareWave_Round4_Reextract/sequences_315/train/yena_pick_up_normal_06_sequences.npz,127,22,22,0,20,5,315,completed,,0.030497074127197266
yena_pick_up_normal_07,train,/content/gdrive/MyDrive/CareWave_Round4_Reextract/model_ready_315/train/yena_pick_up_normal_07_model_ready.npz,/content/gdrive/MyDrive/CareWave_Round4_Reextract/sequences_315/train/yena_pick_up_normal_07_sequences.npz,128,22,22,0,20,5,315,completed,,0.028578758239746094
yena_pick_up_normal_08,train,/content/gdrive/MyDrive/CareWave_Round4_Reextract/model_ready_315/train/yena_pick_up_normal_08_model_ready.npz,/content/gdrive/MyDrive/CareWave_Round4_Reextract/sequences_315/train/yena_pick_up_normal_08_sequences.npz,127,22,22,0,20,5,315,completed,,0.029453754425048828
yena_pick_up_normal_09,train,/content/gdrive/MyDrive/CareWave_Round4_Reextract/model_ready_315/train/yena_pick_up_normal_09_model_ready.npz,/content/gdrive/MyDrive/CareWave_Round4_Reextract/sequences_315/train/yena_pick_up_normal_09_sequences.npz,128,22,22,0,20,5,315,completed,,0.029718399047851562
yena_pick_up_normal_10,train,/content/gdrive/MyDrive/CareWave_Round4_Reextract/model_ready_315/train/yena_pick_up_normal_10_model_ready.npz,/content/gdrive/MyDrive/CareWave_Round4_Reextract/sequences_315/train/yena_pick_up_normal_10_sequences.npz,129,22,22,0,20,5,315,completed,,0.027959108352661133
yena_pick_up_normal_11,train,/content/gdrive/MyDrive/CareWave_Round4_Reextract/model_ready_315/train/yena_pick_up_normal_11_model_ready.npz,/content/gdrive/MyDrive/CareWave_Round4_Reextract/sequences_315/train/yena_pick_up_normal_11_sequences.npz,122,21,21,0,20,5,315,completed,,0.029865503311157227
yena_pick_up_variation_01,train,/content/gdrive/MyDrive/CareWave_Round4_Reextract/model_ready_315/train/yena_pick_up_variation_01_model_ready.npz,/content/gdrive/MyDrive/CareWave_Round4_Reextract/sequences_315/train/yena_pick_up_variation_01_sequences.npz,1799,356,352,4,20,5,315,completed,,0.21860861778259277
yena_pick_up_variation_04,train,/content/gdrive/MyDrive/CareWave_Round4_Reextract/model_ready_315/train/yena_pick_up_variation_04_model_ready.npz,/content/gdrive/MyDrive/CareWave_Round4_Reextract/sequences_315/train/yena_pick_up_variation_04_sequences.npz,122,21,21,0,20,5,315,completed,,0.05396080017089844
yena_pick_up_variation_05,train,/content/gdrive/MyDrive/CareWave_Round4_Reextract/model_ready_315/train/yena_pick_up_variation_05_model_ready.npz,/content/gdrive/MyDrive/CareWave_Round4_Reextract/sequences_315/train/yena_pick_up_variation_05_sequences.npz,100,17,17,0,20,5,315,completed,,0.0261232852935791
yena_sit_move_normal_01,train,/content/gdrive/MyDrive/CareWave_Round4_Reextract/model_ready_315/train/yena_sit_move_normal_01_model_ready.npz,/content/gdrive/MyDrive/CareWave_Round4_Reextract/sequences_315/train/yena_sit_move_normal_01_sequences.npz,1813,359,359,0,20,5,315,completed,,0.20605087280273438
yena_sit_normal_02,train,/content/gdrive/MyDrive/CareWave_Round4_Reextract/model_ready_315/train/yena_sit_normal_02_model_ready.npz,/content/gdrive/MyDrive/CareWave_Round4_Reextract/sequences_315/train/yena_sit_normal_02_sequences.npz,135,24,24,0,20,5,315,completed,,0.03133797645568848
yena_sit_normal_03,train,/content/gdrive/MyDrive/CareWave_Round4_Reextract/model_ready_315/train/yena_sit_normal_03_model_ready.npz,/content/gdrive/MyDrive/CareWave_Round4_Reextract/sequences_315/train/yena_sit_normal_03_sequences.npz,128,22,22,0,20,5,315,completed,,0.02943873405456543
yena_sit_normal_04,train,/content/gdrive/MyDrive/CareWave_Round4_Reextract/model_ready_315/train/yena_sit_normal_04_model_ready.npz,/content/gdrive/MyDrive/CareWave_Round4_Reextract/sequences_315/train/yena_sit_normal_04_sequences.npz,125,22,22,0,20,5,315,completed,,0.02838897705078125
yena_sit_normal_06,train,/content/gdrive/MyDrive/CareWave_Round4_Reextract/model_ready_315/train/yena_sit_normal_06_model_ready.npz,/content/gdrive/MyDrive/CareWave_Round4_Reextract/sequences_315/train/yena_sit_normal_06_sequences.npz,130,23,23,0,20,5,315,completed,,0.03192877769470215
yena_sit_normal_07,train,/content/gdrive/MyDrive/CareWave_Round4_Reextract/model_ready_315/train/yena_sit_normal_07_model_ready.npz,/content/gdrive/MyDrive/CareWave_Round4_Reextract/sequences_315/train/yena_sit_normal_07_sequences.npz,126,22,22,0,20,5,315,completed,,0.03144645690917969
yena_sit_normal_08,train,/content/gdrive/MyDrive/CareWave_Round4_Reextract/model_ready_315/train/yena_sit_normal_08_model_ready.npz,/content/gdrive/MyDrive/CareWave_Round4_Reextract/sequences_315/train/yena_sit_normal_08_sequences.npz,135,24,24,0,20,5,315,completed,,0.03266763687133789
yena_sit_normal_09,train,/content/gdrive/MyDrive/CareWave_Round4_Reextract/model_ready_315/train/yena_sit_normal_09_model_ready.npz,/content/gdrive/MyDrive/CareWave_Round4_Reextract/sequences_315/train/yena_sit_normal_09_sequences.npz,123,21,21,0,20,5,315,completed,,0.061307668685913086
yena_sit_to_stand_normal_01,train,/content/gdrive/MyDrive/CareWave_Round4_Reextract/model_ready_315/train/yena_sit_to_stand_normal_01_model_ready.npz,/content/gdrive/MyDrive/CareWave_Round4_Reextract/sequences_315/train/yena_sit_to_stand_normal_01_sequences.npz,122,21,21,0,20,5,315,completed,,0.026792526245117188
yena_sit_to_stand_normal_02,train,/content/gdrive/MyDrive/CareWave_Round4_Reextract/model_ready_315/train/yena_sit_to_stand_normal_02_model_ready.npz,/content/gdrive/MyDrive/CareWave_Round4_Reextract/sequences_315/train/yena_sit_to_stand_normal_02_sequences.npz,133,23,23,0,20,5,315,completed,,0.03161001205444336
yena_sit_to_stand_normal_03,train,/content/gdrive/MyDrive/CareWave_Round4_Reextract/model_ready_315/train/yena_sit_to_stand_normal_03_model_ready.npz,/content/gdrive/MyDrive/CareWave_Round4_Reextract/sequences_315/train/yena_sit_to_stand_normal_03_sequences.npz,124,21,21,0,20,5,315,completed,,0.028056621551513672
yena_sit_to_stand_normal_04,train,/content/gdrive/MyDrive/CareWave_Round4_Reextract/model_ready_315/train/yena_sit_to_stand_normal_04_model_ready.npz,/content/gdrive/MyDrive/CareWave_Round4_Reextract/sequences_315/train/yena_sit_to_stand_normal_04_sequences.npz,118,20,20,0,20,5,315,completed,,0.030215740203857422
yena_slow_lie_down_01,train,/content/gdrive/MyDrive/CareWave_Round4_Reextract/model_ready_315/train/yena_slow_lie_down_01_model_ready.npz,/content/gdrive/MyDrive/CareWave_Round4_Reextract/sequences_315/train/yena_slow_lie_down_01_sequences.npz,1801,357,357,0,20,5,315,completed,,0.22116661071777344
yena_stand_normal_01,train,/content/gdrive/MyDrive/CareWave_Round4_Reextract/model_ready_315/train/yena_stand_normal_01_model_ready.npz,/content/gdrive/MyDrive/CareWave_Round4_Reextract/sequences_315/train/yena_stand_normal_01_sequences.npz,627,122,122,0,20,5,315,completed,,0.08484983444213867
yena_stand_normal_02,train,/content/gdrive/MyDrive/CareWave_Round4_Reextract/model_ready_315/train/yena_stand_normal_02_model_ready.npz,/content/gdrive/MyDrive/CareWave_Round4_Reextract/sequences_315/train/yena_stand_normal_02_sequences.npz,103,17,17,0,20,5,315,completed,,0.04207801818847656
yena_stand_normal_04,train,/content/gdrive/MyDrive/CareWave_Round4_Reextract/model_ready_315/train/yena_stand_normal_04_model_ready.npz,/content/gdrive/MyDrive/CareWave_Round4_Reextract/sequences_315/train/yena_stand_normal_04_sequences.npz,126,22,22,0,20,5,315,completed,,0.028640031814575195
yena_stand_normal_05,train,/content/gdrive/MyDrive/CareWave_Round4_Reextract/model_ready_315/train/yena_stand_normal_05_model_ready.npz,/content/gdrive/MyDrive/CareWave_Round4_Reextract/sequences_315/train/yena_stand_normal_05_sequences.npz,127,22,22,0,20,5,315,completed,,0.029140949249267578
yena_stand_normal_06,train,/content/gdrive/MyDrive/CareWave_Round4_Reextract/model_ready_315/train/yena_stand_normal_06_model_ready.npz,/content/gdrive/MyDrive/CareWave_Round4_Reextract/sequences_315/train/yena_stand_normal_06_sequences.npz,126,22,22,0,20,5,315,completed,,0.028832674026489258
yena_stand_normal_07,train,/content/gdrive/MyDrive/CareWave_Round4_Reextract/model_ready_315/train/yena_stand_normal_07_model_ready.npz,/content/gdrive/MyDrive/CareWave_Round4_Reextract/sequences_315/train/yena_stand_normal_07_sequences.npz,127,22,22,0,20,5,315,completed,,0.04464101791381836
yena_stand_normal_08,train,/content/gdrive/MyDrive/CareWave_Round4_Reextract/model_ready_315/train/yena_stand_normal_08_model_ready.npz,/content/gdrive/MyDrive/CareWave_Round4_Reextract/sequences_315/train/yena_stand_normal_08_sequences.npz,124,21,21,0,20,5,315,completed,,0.027811288833618164
yena_stand_normal_10,train,/content/gdrive/MyDrive/CareWave_Round4_Reextract/model_ready_315/train/yena_stand_normal_10_model_ready.npz,/content/gdrive/MyDrive/CareWave_Round4_Reextract/sequences_315/train/yena_stand_normal_10_sequences.npz,122,21,21,0,20,5,315,completed,,0.029340505599975586
yena_walk_normal_02,train,/content/gdrive/MyDrive/CareWave_Round4_Reextract/model_ready_315/train/yena_walk_normal_02_model_ready.npz,/content/gdrive/MyDrive/CareWave_Round4_Reextract/sequences_315/train/yena_walk_normal_02_sequences.npz,134,23,23,0,20,5,315,completed,,0.03362131118774414
yena_walk_normal_03,train,/content/gdrive/MyDrive/CareWave_Round4_Reextract/model_ready_315/train/yena_walk_normal_03_model_ready.npz,/content/gdrive/MyDrive/CareWave_Round4_Reextract/sequences_315/train/yena_walk_normal_03_sequences.npz,125,22,22,0,20,5,315,completed,,0.028734445571899414
yena_walk_normal_04,train,/content/gdrive/MyDrive/CareWave_Round4_Reextract/model_ready_315/train/yena_walk_normal_04_model_ready.npz,/content/gdrive/MyDrive/CareWave_Round4_Reextract/sequences_315/train/yena_walk_normal_04_sequences.npz,130,23,23,0,20,5,315,completed,,0.02854299545288086
yena_walk_normal_05,train,/content/gdrive/MyDrive/CareWave_Round4_Reextract/model_ready_315/train/yena_walk_normal_05_model_ready.npz,/content/gdrive/MyDrive/CareWave_Round4_Reextract/sequences_315/train/yena_walk_normal_05_sequences.npz,135,24,24,0,20,5,315,completed,,0.03072643280029297
yena_walk_normal_06,train,/content/gdrive/MyDrive/CareWave_Round4_Reextract/model_ready_315/train/yena_walk_normal_06_model_ready.npz,/content/gdrive/MyDrive/CareWave_Round4_Reextract/sequences_315/train/yena_walk_normal_06_sequences.npz,133,23,23,0,20,5,315,completed,,0.03233909606933594
yena_walk_normal_07,train,/content/gdrive/MyDrive/CareWave_Round4_Reextract/model_ready_315/train/yena_walk_normal_07_model_ready.npz,/content/gdrive/MyDrive/CareWave_Round4_Reextract/sequences_315/train/yena_walk_normal_07_sequences.npz,133,23,23,0,20,5,315,completed,,0.03226041793823242
yena_walk_normal_08,train,/content/gdrive/MyDrive/CareWave_Round4_Reextract/model_ready_315/train/yena_walk_normal_08_model_ready.npz,/content/gdrive/MyDrive/CareWave_Round4_Reextract/sequences_315/train/yena_walk_normal_08_sequences.npz,126,22,22,0,20,5,315,completed,,0.03328585624694824
yena_walk_normal_09,train,/content/gdrive/MyDrive/CareWave_Round4_Reextract/model_ready_315/train/yena_walk_normal_09_model_ready.npz,/content/gdrive/MyDrive/CareWave_Round4_Reextract/sequences_315/train/yena_walk_normal_09_sequences.npz,135,24,24,0,20,5,315,completed,,0.03478574752807617
yena_walk_normal_10,train,/content/gdrive/MyDrive/CareWave_Round4_Reextract/model_ready_315/train/yena_walk_normal_10_model_ready.npz,/content/gdrive/MyDrive/CareWave_Round4_Reextract/sequences_315/train/yena_walk_normal_10_sequences.npz,139,24,24,0,20,5,315,completed,,0.034761905670166016
yena_walk_normal_11,train,/content/gdrive/MyDrive/CareWave_Round4_Reextract/model_ready_315/train/yena_walk_normal_11_model_ready.npz,/content/gdrive/MyDrive/CareWave_Round4_Reextract/sequences_315/train/yena_walk_normal_11_sequences.npz,132,23,23,0,20,5,315,completed,,0.03447103500366211
yena_walk_normal_12,train,/content/gdrive/MyDrive/CareWave_Round4_Reextract/model_ready_315/train/yena_walk_normal_12_model_ready.npz,/content/gdrive/MyDrive/CareWave_Round4_Reextract/sequences_315/train/yena_walk_normal_12_sequences.npz,128,22,22,0,20,5,315,completed,,0.039499521255493164
yena_walk_normal_13,train,/content/gdrive/MyDrive/CareWave_Round4_Reextract/model_ready_315/train/yena_walk_normal_13_model_ready.npz,/content/gdrive/MyDrive/CareWave_Round4_Reextract/sequences_315/train/yena_walk_normal_13_sequences.npz,128,22,22,0,20,5,315,completed,,0.04726886749267578
hoyeon_lie_down_normal_01,validation,/content/gdrive/MyDrive/CareWave_Round4_Reextract/model_ready_315/validation/hoyeon_lie_down_normal_01_model_ready.npz,/content/gdrive/MyDrive/CareWave_Round4_Reextract/sequences_315/validation/hoyeon_lie_down_normal_01_sequences.npz,1796,356,356,0,20,5,315,completed,,0.22014117240905762
sujin_fall_normal_04,validation,/content/gdrive/MyDrive/CareWave_Round4_Reextract/model_ready_315/validation/sujin_fall_normal_04_model_ready.npz,/content/gdrive/MyDrive/CareWave_Round4_Reextract/sequences_315/validation/sujin_fall_normal_04_sequences.npz,126,22,18,4,20,5,315,completed,,0.027872800827026367
sujin_fall_normal_05,validation,/content/gdrive/MyDrive/CareWave_Round4_Reextract/model_ready_315/validation/sujin_fall_normal_05_model_ready.npz,/content/gdrive/MyDrive/CareWave_Round4_Reextract/sequences_315/validation/sujin_fall_normal_05_sequences.npz,127,22,18,4,20,5,315,completed,,0.029845237731933594
sujin_fall_stay_down_03,validation,/content/gdrive/MyDrive/CareWave_Round4_Reextract/model_ready_315/validation/sujin_fall_stay_down_03_model_ready.npz,/content/gdrive/MyDrive/CareWave_Round4_Reextract/sequences_315/validation/sujin_fall_stay_down_03_sequences.npz,100,17,17,0,20,5,315,completed,,0.025479555130004883
sujin_fall_stay_down_04,validation,/content/gdrive/MyDrive/CareWave_Round4_Reextract/model_ready_315/validation/sujin_fall_stay_down_04_model_ready.npz,/content/gdrive/MyDrive/CareWave_Round4_Reextract/sequences_315/validation/sujin_fall_stay_down_04_sequences.npz,101,17,17,0,20,5,315,completed,,0.026900529861450195
sujin_free_activity_normal_01,validation,/content/gdrive/MyDrive/CareWave_Round4_Reextract/model_ready_315/validation/sujin_free_activity_normal_01_model_ready.npz,/content/gdrive/MyDrive/CareWave_Round4_Reextract/sequences_315/validation/sujin_free_activity_normal_01_sequences.npz,1800,357,357,0,20,5,315,completed,,0.21838855743408203
sujin_pick_up_normal_01,validation,/content/gdrive/MyDrive/CareWave_Round4_Reextract/model_ready_315/validation/sujin_pick_up_normal_01_model_ready.npz,/content/gdrive/MyDrive/CareWave_Round4_Reextract/sequences_315/validation/sujin_pick_up_normal_01_sequences.npz,1802,357,357,0,20,5,315,completed,,0.24519944190979004
sujin_pick_up_normal_12,validation,/content/gdrive/MyDrive/CareWave_Round4_Reextract/model_ready_315/validation/sujin_pick_up_normal_12_model_ready.npz,/content/gdrive/MyDrive/CareWave_Round4_Reextract/sequences_315/validation/sujin_pick_up_normal_12_sequences.npz,128,22,22,0,20,5,315,completed,,0.030010700225830078
sujin_sit_normal_02,validation,/content/gdrive/MyDrive/CareWave_Round4_Reextract/model_ready_315/validation/sujin_sit_normal_02_model_ready.npz,/content/gdrive/MyDrive/CareWave_Round4_Reextract/sequences_315/validation/sujin_sit_normal_02_sequences.npz,126,22,22,0,20,5,315,completed,,0.03111720085144043
sujin_sit_to_stand_normal_02,validation,/content/gdrive/MyDrive/CareWave_Round4_Reextract/model_ready_315/validation/sujin_sit_to_stand_normal_02_model_ready.npz,/content/gdrive/MyDrive/CareWave_Round4_Reextract/sequences_315/validation/sujin_sit_to_stand_normal_02_sequences.npz,1801,357,357,0,20,5,315,completed,,0.24150800704956055
sujin_sit_to_stand_normal_06,validation,/content/gdrive/MyDrive/CareWave_Round4_Reextract/model_ready_315/validation/sujin_sit_to_stand_normal_06_model_ready.npz,/content/gdrive/MyDrive/CareWave_Round4_Reextract/sequences_315/validation/sujin_sit_to_stand_normal_06_sequences.npz,125,22,22,0,20,5,315,completed,,0.031287193298339844
sujin_slow_lie_down_01,validation,/content/gdrive/MyDrive/CareWave_Round4_Reextract/model_ready_315/validation/sujin_slow_lie_down_01_model_ready.npz,/content/gdrive/MyDrive/CareWave_Round4_Reextract/sequences_315/validation/sujin_slow_lie_down_01_sequences.npz,1782,353,332,21,20,5,315,completed,,0.21816372871398926
sujin_stand_normal_06,validation,/content/gdrive/MyDrive/CareWave_Round4_Reextract/model_ready_315/validation/sujin_stand_normal_06_model_ready.npz,/content/gdrive/MyDrive/CareWave_Round4_Reextract/sequences_315/validation/sujin_stand_normal_06_sequences.npz,129,22,22,0,20,5,315,completed,,0.04901862144470215
sujin_walk_normal_06,validation,/content/gdrive/MyDrive/CareWave_Round4_Reextract/model_ready_315/validation/sujin_walk_normal_06_model_ready.npz,/content/gdrive/MyDrive/CareWave_Round4_Reextract/sequences_315/validation/sujin_walk_normal_06_sequences.npz,127,22,22,0,20,5,315,completed,,0.036286115646362305
sujin_walk_normal_07,validation,/content/gdrive/MyDrive/CareWave_Round4_Reextract/model_ready_315/validation/sujin_walk_normal_07_model_ready.npz,/content/gdrive/MyDrive/CareWave_Round4_Reextract/sequences_315/validation/sujin_walk_normal_07_sequences.npz,126,22,22,0,20,5,315,completed,,0.03548860549926758
sujin_walk_normal_13,validation,/content/gdrive/MyDrive/CareWave_Round4_Reextract/model_ready_315/validation/sujin_walk_normal_13_model_ready.npz,/content/gdrive/MyDrive/CareWave_Round4_Reextract/sequences_315/validation/sujin_walk_normal_13_sequences.npz,130,23,23,0,20,5,315,completed,,0.0458371639251709
yena_bending_normal_01,validation,/content/gdrive/MyDrive/CareWave_Round4_Reextract/model_ready_315/validation/yena_bending_normal_01_model_ready.npz,/content/gdrive/MyDrive/CareWave_Round4_Reextract/sequences_315/validation/yena_bending_normal_01_sequences.npz,1807,358,358,0,20,5,315,completed,,0.22237873077392578
yena_chair_sit_variation_01,validation,/content/gdrive/MyDrive/CareWave_Round4_Reextract/model_ready_315/validation/yena_chair_sit_variation_01_model_ready.npz,/content/gdrive/MyDrive/CareWave_Round4_Reextract/sequences_315/validation/yena_chair_sit_variation_01_sequences.npz,1798,356,356,0,20,5,315,completed,,0.21279239654541016
yena_fall_normal_08,validation,/content/gdrive/MyDrive/CareWave_Round4_Reextract/model_ready_315/validation/yena_fall_normal_08_model_ready.npz,/content/gdrive/MyDrive/CareWave_Round4_Reextract/sequences_315/validation/yena_fall_normal_08_sequences.npz,128,22,22,0,20,5,315,completed,,0.03006577491760254
yena_fall_normal_12,validation,/content/gdrive/MyDrive/CareWave_Round4_Reextract/model_ready_315/validation/yena_fall_normal_12_model_ready.npz,/content/gdrive/MyDrive/CareWave_Round4_Reextract/sequences_315/validation/yena_fall_normal_12_sequences.npz,124,21,21,0,20,5,315,completed,,0.029448509216308594
yena_fall_normal_14,validation,/content/gdrive/MyDrive/CareWave_Round4_Reextract/model_ready_315/validation/yena_fall_normal_14_model_ready.npz,/content/gdrive/MyDrive/CareWave_Round4_Reextract/sequences_315/validation/yena_fall_normal_14_sequences.npz,122,21,21,0,20,5,315,completed,,0.035234928131103516
yena_pick_up_normal_03,validation,/content/gdrive/MyDrive/CareWave_Round4_Reextract/model_ready_315/validation/yena_pick_up_normal_03_model_ready.npz,/content/gdrive/MyDrive/CareWave_Round4_Reextract/sequences_315/validation/yena_pick_up_normal_03_sequences.npz,131,23,23,0,20,5,315,completed,,0.03245115280151367
yena_pick_up_variation_02,validation,/content/gdrive/MyDrive/CareWave_Round4_Reextract/model_ready_315/validation/yena_pick_up_variation_02_model_ready.npz,/content/gdrive/MyDrive/CareWave_Round4_Reextract/sequences_315/validation/yena_pick_up_variation_02_sequences.npz,138,24,24,0,20,5,315,completed,,0.03434157371520996
yena_pick_up_variation_03,validation,/content/gdrive/MyDrive/CareWave_Round4_Reextract/model_ready_315/validation/yena_pick_up_variation_03_model_ready.npz,/content/gdrive/MyDrive/CareWave_Round4_Reextract/sequences_315/validation/yena_pick_up_variation_03_sequences.npz,133,23,23,0,20,5,315,completed,,0.0332036018371582
yena_sit_normal_01,validation,/content/gdrive/MyDrive/CareWave_Round4_Reextract/model_ready_315/validation/yena_sit_normal_01_model_ready.npz,/content/gdrive/MyDrive/CareWave_Round4_Reextract/sequences_315/validation/yena_sit_normal_01_sequences.npz,1204,237,237,0,20,5,315,completed,,0.15083551406860352
yena_sit_normal_05,validation,/content/gdrive/MyDrive/CareWave_Round4_Reextract/model_ready_315/validation/yena_sit_normal_05_model_ready.npz,/content/gdrive/MyDrive/CareWave_Round4_Reextract/sequences_315/validation/yena_sit_normal_05_sequences.npz,130,23,23,0,20,5,315,completed,,0.02916121482849121
yena_stand_normal_03,validation,/content/gdrive/MyDrive/CareWave_Round4_Reextract/model_ready_315/validation/yena_stand_normal_03_model_ready.npz,/content/gdrive/MyDrive/CareWave_Round4_Reextract/sequences_315/validation/yena_stand_normal_03_sequences.npz,128,22,22,0,20,5,315,completed,,0.0305328369140625
yena_stand_normal_09,validation,/content/gdrive/MyDrive/CareWave_Round4_Reextract/model_ready_315/validation/yena_stand_normal_09_model_ready.npz,/content/gdrive/MyDrive/CareWave_Round4_Reextract/sequences_315/validation/yena_stand_normal_09_sequences.npz,123,21,21,0,20,5,315,completed,,0.03267502784729004
yena_stand_normal_11,validation,/content/gdrive/MyDrive/CareWave_Round4_Reextract/model_ready_315/validation/yena_stand_normal_11_model_ready.npz,/content/gdrive/MyDrive/CareWave_Round4_Reextract/sequences_315/validation/yena_stand_normal_11_sequences.npz,124,21,21,0,20,5,315,completed,,0.030690670013427734
yena_walk_normal_01,validation,/content/gdrive/MyDrive/CareWave_Round4_Reextract/model_ready_315/validation/yena_walk_normal_01_model_ready.npz,/content/gdrive/MyDrive/CareWave_Round4_Reextract/sequences_315/validation/yena_walk_normal_01_sequences.npz,1230,243,243,0,20,5,315,completed,,0.1526646614074707
hoyeon_test_04,test,/content/gdrive/MyDrive/CareWave_Round4_Reextract/model_ready_315/test/hoyeon_test_04_model_ready.npz,/content/gdrive/MyDrive/CareWave_Round4_Reextract/sequences_315/test/hoyeon_test_04_sequences.npz,1198,236,236,0,20,5,315,completed,,0.14258050918579102
sujin_test_03,test,/content/gdrive/MyDrive/CareWave_Round4_Reextract/model_ready_315/test/sujin_test_03_model_ready.npz,/content/gdrive/MyDrive/CareWave_Round4_Reextract/sequences_315/test/sujin_test_03_sequences.npz,1200,237,237,0,20,5,315,completed,,0.15601801872253418
yena_test_02,test,/content/gdrive/MyDrive/CareWave_Round4_Reextract/model_ready_315/test/yena_test_02_model_ready.npz,/content/gdrive/MyDrive/CareWave_Round4_Reextract/sequences_315/test/yena_test_02_sequences.npz,1197,236,236,0,20,5,315,completed,,0.14763498306274414
yena_test_03,test,/content/gdrive/MyDrive/CareWave_Round4_Reextract/model_ready_315/test/yena_test_03_model_ready.npz,/content/gdrive/MyDrive/CareWave_Round4_Reextract/sequences_315/test/yena_test_03_sequences.npz,1087,214,214,0,20,5,315,completed,,0.17365074157714844
yena_test_04,test,/content/gdrive/MyDrive/CareWave_Round4_Reextract/model_ready_315/test/yena_test_04_model_ready.npz,/content/gdrive/MyDrive/CareWave_Round4_Reextract/sequences_315/test/yena_test_04_sequences.npz,100,17,17,0,20,5,315,completed,,0.02779555320739746
