sample_id,split,pose_file,feature_file,output_file,pose_rows,csi_rows,time_matched_rows,valid_pose_rows,final_rows,matching_rate,mean_time_error_sec,max_time_error_sec,feature_dim,pose_dim,processing_sec,status,error
hoyeon_fall_normal_01,train,/content/drive/MyDrive/CareWave_Round4_Reextract/final_split/pose/train/hoyeon_fall_normal_01_pose.csv,/content/drive/MyDrive/CareWave_Round4_Reextract/features_315/train/hoyeon_fall_normal_01_features_315.npz,/content/drive/MyDrive/CareWave_Round4_Reextract/synchronized_315/train/hoyeon_fall_normal_01_synchronized_315.npz,1498,1809,1498,1495,1495,99.79973297730307,0.02081763930618763,0.04165348410606384,315,66,0.8415415287017822,completed,
hoyeon_free_activity_normal_01,train,/content/drive/MyDrive/CareWave_Round4_Reextract/final_split/pose/train/hoyeon_free_activity_normal_01_pose.csv,/content/drive/MyDrive/CareWave_Round4_Reextract/features_315/train/hoyeon_free_activity_normal_01_features_315.npz,/content/drive/MyDrive/CareWave_Round4_Reextract/synchronized_315/train/hoyeon_free_activity_normal_01_synchronized_315.npz,1807,1802,1802,1807,1802,99.72329828444937,0.0049843136221170425,0.009963667951524258,315,66,1.114074468612671,completed,
hoyeon_lie_down_normal_01,train,/content/drive/MyDrive/CareWave_Round4_Reextract/final_split/pose/train/hoyeon_lie_down_normal_01_pose.csv,/content/drive/MyDrive/CareWave_Round4_Reextract/features_315/train/hoyeon_lie_down_normal_01_features_315.npz,/content/drive/MyDrive/CareWave_Round4_Reextract/synchronized_315/train/hoyeon_lie_down_normal_01_synchronized_315.npz,1796,1800,1796,1796,1796,100.0,0.004998143762350082,0.009996822103857994,315,66,0.6072885990142822,completed,
hoyeon_sit_normal_01,train,/content/drive/MyDrive/CareWave_Round4_Reextract/final_split/pose/train/hoyeon_sit_normal_01_pose.csv,/content/drive/MyDrive/CareWave_Round4_Reextract/features_315/train/hoyeon_sit_normal_01_features_315.npz,/content/drive/MyDrive/CareWave_Round4_Reextract/synchronized_315/train/hoyeon_sit_normal_01_synchronized_315.npz,1212,1205,1205,1212,1205,99.42244224422441,0.002484865253791213,0.004968204535543919,315,66,0.40931105613708496,completed,
hoyeon_stand_normal_01,train,/content/drive/MyDrive/CareWave_Round4_Reextract/final_split/pose/train/hoyeon_stand_normal_01_pose.csv,/content/drive/MyDrive/CareWave_Round4_Reextract/features_315/train/hoyeon_stand_normal_01_features_315.npz,/content/drive/MyDrive/CareWave_Round4_Reextract/synchronized_315/train/hoyeon_stand_normal_01_synchronized_315.npz,1220,1210,1210,1220,1210,99.18032786885246,0.0033032787032425404,0.006605031434446573,315,66,0.705528736114502,completed,
hoyeon_walk_large_motion_01,train,/content/drive/MyDrive/CareWave_Round4_Reextract/final_split/pose/train/hoyeon_walk_large_motion_01_pose.csv,/content/drive/MyDrive/CareWave_Round4_Reextract/features_315/train/hoyeon_walk_large_motion_01_features_315.npz,/content/drive/MyDrive/CareWave_Round4_Reextract/synchronized_315/train/hoyeon_walk_large_motion_01_synchronized_315.npz,1802,1806,1802,1802,1802,100.0,0.004998146556317806,0.009991302154958248,315,66,0.9709076881408691,completed,
hoyeon_walk_normal_01,train,/content/drive/MyDrive/CareWave_Round4_Reextract/final_split/pose/train/hoyeon_walk_normal_01_pose.csv,/content/drive/MyDrive/CareWave_Round4_Reextract/features_315/train/hoyeon_walk_normal_01_features_315.npz,/content/drive/MyDrive/CareWave_Round4_Reextract/synchronized_315/train/hoyeon_walk_normal_01_synchronized_315.npz,1206,1207,1206,1206,1206,100.0,0.0033314903266727924,0.0066629801876842976,315,66,0.7096774578094482,completed,
sujin_bending_normal_02,train,/content/drive/MyDrive/CareWave_Round4_Reextract/final_split/pose/train/sujin_bending_normal_02_pose.csv,/content/drive/MyDrive/CareWave_Round4_Reextract/features_315/train/sujin_bending_normal_02_features_315.npz,/content/drive/MyDrive/CareWave_Round4_Reextract/synchronized_315/train/sujin_bending_normal_02_synchronized_315.npz,1799,1800,1799,1795,1795,99.77765425236242,0.0050020297057926655,0.009993785992264748,315,66,0.9182002544403076,completed,
sujin_chair_sit_variation_01,train,/content/drive/MyDrive/CareWave_Round4_Reextract/final_split/pose/train/sujin_chair_sit_variation_01_pose.csv,/content/drive/MyDrive/CareWave_Round4_Reextract/features_315/train/sujin_chair_sit_variation_01_features_315.npz,/content/drive/MyDrive/CareWave_Round4_Reextract/synchronized_315/train/sujin_chair_sit_variation_01_synchronized_315.npz,1809,1806,1806,1809,1806,99.83416252072969,0.004990783054381609,0.009982140734791756,315,66,0.8678679466247559,completed,
sujin_chair_sit_variation_02,train,/content/drive/MyDrive/CareWave_Round4_Reextract/final_split/pose/train/sujin_chair_sit_variation_02_pose.csv,/content/drive/MyDrive/CareWave_Round4_Reextract/features_315/train/sujin_chair_sit_variation_02_features_315.npz,/content/drive/MyDrive/CareWave_Round4_Reextract/synchronized_315/train/sujin_chair_sit_variation_02_synchronized_315.npz,129,128,128,129,128,99.2248062015504,0.0008246736833825707,0.001649541431106627,315,66,0.12899994850158691,completed,
sujin_chair_sit_variation_03,train,/content/drive/MyDrive/CareWave_Round4_Reextract/final_split/pose/train/sujin_chair_sit_variation_03_pose.csv,/content/drive/MyDrive/CareWave_Round4_Reextract/features_315/train/sujin_chair_sit_variation_03_features_315.npz,/content/drive/MyDrive/CareWave_Round4_Reextract/synchronized_315/train/sujin_chair_sit_variation_03_synchronized_315.npz,131,133,131,131,131,100.0,0.0008312018471769989,0.0016624040435999632,315,66,0.07329487800598145,completed,
sujin_fall_normal_01,train,/content/drive/MyDrive/CareWave_Round4_Reextract/final_split/pose/train/sujin_fall_normal_01_pose.csv,/content/drive/MyDrive/CareWave_Round4_Reextract/features_315/train/sujin_fall_normal_01_features_315.npz,/content/drive/MyDrive/CareWave_Round4_Reextract/synchronized_315/train/sujin_fall_normal_01_synchronized_315.npz,1798,1800,1798,1796,1796,99.88876529477196,0.005003115627914667,0.009999343194067478,315,66,0.3880198001861572,completed,
sujin_fall_normal_02,train,/content/drive/MyDrive/CareWave_Round4_Reextract/final_split/pose/train/sujin_fall_normal_02_pose.csv,/content/drive/MyDrive/CareWave_Round4_Reextract/features_315/train/sujin_fall_normal_02_features_315.npz,/content/drive/MyDrive/CareWave_Round4_Reextract/synchronized_315/train/sujin_fall_normal_02_synchronized_315.npz,1206,1202,1202,1205,1201,99.58540630182421,0.0033209098037332296,0.006642388645559549,315,66,0.20728540420532227,completed,
sujin_fall_normal_03,train,/content/drive/MyDrive/CareWave_Round4_Reextract/final_split/pose/train/sujin_fall_normal_03_pose.csv,/content/drive/MyDrive/CareWave_Round4_Reextract/features_315/train/sujin_fall_normal_03_features_315.npz,/content/drive/MyDrive/CareWave_Round4_Reextract/synchronized_315/train/sujin_fall_normal_03_synchronized_315.npz,125,125,125,125,125,100.0,0.0008266664226539433,0.0016537148039788008,315,66,0.04727029800415039,completed,
sujin_fall_normal_04,train,/content/drive/MyDrive/CareWave_Round4_Reextract/final_split/pose/train/sujin_fall_normal_04_pose.csv,/content/drive/MyDrive/CareWave_Round4_Reextract/features_315/train/sujin_fall_normal_04_features_315.npz,/content/drive/MyDrive/CareWave_Round4_Reextract/synchronized_315/train/sujin_fall_normal_04_synchronized_315.npz,127,128,127,126,126,99.21259842519686,0.0008314512087963521,0.0016575133195146918,315,66,0.04507040977478027,completed,
sujin_fall_normal_05,train,/content/drive/MyDrive/CareWave_Round4_Reextract/final_split/pose/train/sujin_fall_normal_05_pose.csv,/content/drive/MyDrive/CareWave_Round4_Reextract/features_315/train/sujin_fall_normal_05_features_315.npz,/content/drive/MyDrive/CareWave_Round4_Reextract/synchronized_315/train/sujin_fall_normal_05_synchronized_315.npz,128,129,128,127,127,99.21875,0.0008310889825224876,0.001658154185861349,315,66,0.04647493362426758,completed,
sujin_fall_normal_06,train,/content/drive/MyDrive/CareWave_Round4_Reextract/final_split/pose/train/sujin_fall_normal_06_pose.csv,/content/drive/MyDrive/CareWave_Round4_Reextract/features_315/train/sujin_fall_normal_06_features_315.npz,/content/drive/MyDrive/CareWave_Round4_Reextract/synchronized_315/train/sujin_fall_normal_06_synchronized_315.npz,128,128,128,127,127,99.21875,0.0008335721213370562,0.0016624943818897009,315,66,0.045531511306762695,completed,
sujin_fall_normal_07,train,/content/drive/MyDrive/CareWave_Round4_Reextract/final_split/pose/train/sujin_fall_normal_07_pose.csv,/content/drive/MyDrive/CareWave_Round4_Reextract/features_315/train/sujin_fall_normal_07_features_315.npz,/content/drive/MyDrive/CareWave_Round4_Reextract/synchronized_315/train/sujin_fall_normal_07_synchronized_315.npz,127,129,127,127,127,100.0,0.0008311313576996326,0.001661887625232339,315,66,0.048737287521362305,completed,
sujin_fall_normal_08,train,/content/drive/MyDrive/CareWave_Round4_Reextract/final_split/pose/train/sujin_fall_normal_08_pose.csv,/content/drive/MyDrive/CareWave_Round4_Reextract/features_315/train/sujin_fall_normal_08_features_315.npz,/content/drive/MyDrive/CareWave_Round4_Reextract/synchronized_315/train/sujin_fall_normal_08_synchronized_315.npz,126,128,126,126,126,100.0,0.0008311168057844043,0.0016622340772300959,315,66,0.058344364166259766,completed,
sujin_fall_normal_09,train,/content/drive/MyDrive/CareWave_Round4_Reextract/final_split/pose/train/sujin_fall_normal_09_pose.csv,/content/drive/MyDrive/CareWave_Round4_Reextract/features_315/train/sujin_fall_normal_09_features_315.npz,/content/drive/MyDrive/CareWave_Round4_Reextract/synchronized_315/train/sujin_fall_normal_09_synchronized_315.npz,127,127,127,127,127,100.0,0.0008311313576996326,0.001661887625232339,315,66,0.04492902755737305,completed,
sujin_fall_normal_10,train,/content/drive/MyDrive/CareWave_Round4_Reextract/final_split/pose/train/sujin_fall_normal_10_pose.csv,/content/drive/MyDrive/CareWave_Round4_Reextract/features_315/train/sujin_fall_normal_10_features_315.npz,/content/drive/MyDrive/CareWave_Round4_Reextract/synchronized_315/train/sujin_fall_normal_10_synchronized_315.npz,130,131,130,130,130,100.0,0.0008290486875921488,0.001658479101024568,315,66,0.04574322700500488,completed,
sujin_fall_normal_11,train,/content/drive/MyDrive/CareWave_Round4_Reextract/final_split/pose/train/sujin_fall_normal_11_pose.csv,/content/drive/MyDrive/CareWave_Round4_Reextract/features_315/train/sujin_fall_normal_11_features_315.npz,/content/drive/MyDrive/CareWave_Round4_Reextract/synchronized_315/train/sujin_fall_normal_11_synchronized_315.npz,126,127,126,126,126,100.0,1.3017229605338798e-07,3.814697322468419e-07,315,66,0.048174381256103516,completed,
sujin_fall_normal_12,train,/content/drive/MyDrive/CareWave_Round4_Reextract/final_split/pose/train/sujin_fall_normal_12_pose.csv,/content/drive/MyDrive/CareWave_Round4_Reextract/features_315/train/sujin_fall_normal_12_features_315.npz,/content/drive/MyDrive/CareWave_Round4_Reextract/synchronized_315/train/sujin_fall_normal_12_synchronized_315.npz,155,156,155,155,155,100.0,0.000831533339805901,0.0016634484054520726,315,66,0.051812171936035156,completed,
sujin_fall_normal_13,train,/content/drive/MyDrive/CareWave_Round4_Reextract/final_split/pose/train/sujin_fall_normal_13_pose.csv,/content/drive/MyDrive/CareWave_Round4_Reextract/features_315/train/sujin_fall_normal_13_features_315.npz,/content/drive/MyDrive/CareWave_Round4_Reextract/synchronized_315/train/sujin_fall_normal_13_synchronized_315.npz,128,129,128,128,128,100.0,0.0008268211968243122,0.0016538365744054317,315,66,0.046564340591430664,completed,
sujin_fall_normal_14,train,/content/drive/MyDrive/CareWave_Round4_Reextract/final_split/pose/train/sujin_fall_normal_14_pose.csv,/content/drive/MyDrive/CareWave_Round4_Reextract/features_315/train/sujin_fall_normal_14_features_315.npz,/content/drive/MyDrive/CareWave_Round4_Reextract/synchronized_315/train/sujin_fall_normal_14_synchronized_315.npz,128,130,128,128,128,100.0,0.0008289800025522709,0.001658154185861349,315,66,0.04590249061584473,completed,
sujin_fall_normal_15,train,/content/drive/MyDrive/CareWave_Round4_Reextract/final_split/pose/train/sujin_fall_normal_15_pose.csv,/content/drive/MyDrive/CareWave_Round4_Reextract/features_315/train/sujin_fall_normal_15_features_315.npz,/content/drive/MyDrive/CareWave_Round4_Reextract/synchronized_315/train/sujin_fall_normal_15_synchronized_315.npz,128,128,128,127,127,99.21875,0.0008337778854183853,0.0016624943818897009,315,66,0.047789573669433594,completed,
sujin_fall_normal_16,train,/content/drive/MyDrive/CareWave_Round4_Reextract/final_split/pose/train/sujin_fall_normal_16_pose.csv,/content/drive/MyDrive/CareWave_Round4_Reextract/features_315/train/sujin_fall_normal_16_features_315.npz,/content/drive/MyDrive/CareWave_Round4_Reextract/synchronized_315/train/sujin_fall_normal_16_synchronized_315.npz,127,126,126,127,126,99.21259842519686,1.3017229605338798e-07,3.814697322468419e-07,315,66,0.06274747848510742,completed,
sujin_fall_stay_down_01,train,/content/drive/MyDrive/CareWave_Round4_Reextract/final_split/pose/train/sujin_fall_stay_down_01_pose.csv,/content/drive/MyDrive/CareWave_Round4_Reextract/features_315/train/sujin_fall_stay_down_01_features_315.npz,/content/drive/MyDrive/CareWave_Round4_Reextract/synchronized_315/train/sujin_fall_stay_down_01_synchronized_315.npz,1816,1816,1816,1810,1810,99.66960352422907,0.00499694375321269,0.00999508984386921,315,66,0.3037831783294678,completed,
sujin_fall_stay_down_02,train,/content/drive/MyDrive/CareWave_Round4_Reextract/final_split/pose/train/sujin_fall_stay_down_02_pose.csv,/content/drive/MyDrive/CareWave_Round4_Reextract/features_315/train/sujin_fall_stay_down_02_features_315.npz,/content/drive/MyDrive/CareWave_Round4_Reextract/synchronized_315/train/sujin_fall_stay_down_02_synchronized_315.npz,108,111,108,108,108,100.0,0.0008256151922978461,0.0016514252638444304,315,66,0.05510735511779785,completed,
sujin_fall_stay_down_03,train,/content/drive/MyDrive/CareWave_Round4_Reextract/final_split/pose/train/sujin_fall_stay_down_03_pose.csv,/content/drive/MyDrive/CareWave_Round4_Reextract/features_315/train/sujin_fall_stay_down_03_features_315.npz,/content/drive/MyDrive/CareWave_Round4_Reextract/synchronized_315/train/sujin_fall_stay_down_03_synchronized_315.npz,100,105,100,100,100,100.0,1.0679661244239469e-07,3.814697322468419e-07,315,66,0.05397605895996094,completed,
sujin_fall_stay_down_04,train,/content/drive/MyDrive/CareWave_Round4_Reextract/final_split/pose/train/sujin_fall_stay_down_04_pose.csv,/content/drive/MyDrive/CareWave_Round4_Reextract/features_315/train/sujin_fall_stay_down_04_features_315.npz,/content/drive/MyDrive/CareWave_Round4_Reextract/synchronized_315/train/sujin_fall_stay_down_04_synchronized_315.npz,101,103,101,101,101,100.0,1.0573922537560065e-07,3.814697322468419e-07,315,66,0.06186389923095703,completed,
sujin_fall_stay_down_05,train,/content/drive/MyDrive/CareWave_Round4_Reextract/final_split/pose/train/sujin_fall_stay_down_05_pose.csv,/content/drive/MyDrive/CareWave_Round4_Reextract/features_315/train/sujin_fall_stay_down_05_features_315.npz,/content/drive/MyDrive/CareWave_Round4_Reextract/synchronized_315/train/sujin_fall_stay_down_05_synchronized_315.npz,100,99,99,100,99,99.0,0.0008166625630110502,0.0016331425867974758,315,66,0.052278995513916016,completed,
sujin_free_activity_03,train,/content/drive/MyDrive/CareWave_Round4_Reextract/final_split/pose/train/sujin_free_activity_03_pose.csv,/content/drive/MyDrive/CareWave_Round4_Reextract/features_315/train/sujin_free_activity_03_features_315.npz,/content/drive/MyDrive/CareWave_Round4_Reextract/synchronized_315/train/sujin_free_activity_03_synchronized_315.npz,2997,3006,2997,2997,2997,100.0,0.007499163504689932,0.014995520003139973,315,66,0.5427336692810059,completed,
sujin_free_activity_normal_01,train,/content/drive/MyDrive/CareWave_Round4_Reextract/final_split/pose/train/sujin_free_activity_normal_01_pose.csv,/content/drive/MyDrive/CareWave_Round4_Reextract/features_315/train/sujin_free_activity_normal_01_features_315.npz,/content/drive/MyDrive/CareWave_Round4_Reextract/synchronized_315/train/sujin_free_activity_normal_01_synchronized_315.npz,1800,1800,1800,1800,1800,100.0,0.0049972222186625,0.01000054832547903,315,66,0.34148192405700684,completed,
sujin_free_activity_normal_02,train,/content/drive/MyDrive/CareWave_Round4_Reextract/final_split/pose/train/sujin_free_activity_normal_02_pose.csv,/content/drive/MyDrive/CareWave_Round4_Reextract/features_315/train/sujin_free_activity_normal_02_features_315.npz,/content/drive/MyDrive/CareWave_Round4_Reextract/synchronized_315/train/sujin_free_activity_normal_02_synchronized_315.npz,3007,3004,3004,3007,3004,99.90023279015631,0.00832409132272005,0.01666039414703846,315,66,0.5086402893066406,completed,
sujin_lie_down_normal_01,train,/content/drive/MyDrive/CareWave_Round4_Reextract/final_split/pose/train/sujin_lie_down_normal_01_pose.csv,/content/drive/MyDrive/CareWave_Round4_Reextract/features_315/train/sujin_lie_down_normal_01_features_315.npz,/content/drive/MyDrive/CareWave_Round4_Reextract/synchronized_315/train/sujin_lie_down_normal_01_synchronized_315.npz,1801,1802,1801,1792,1792,99.50027762354247,0.004996555857360363,0.009994998574256897,315,66,0.3408684730529785,completed,
sujin_pick_up_normal_01,train,/content/drive/MyDrive/CareWave_Round4_Reextract/final_split/pose/train/sujin_pick_up_normal_01_pose.csv,/content/drive/MyDrive/CareWave_Round4_Reextract/features_315/train/sujin_pick_up_normal_01_features_315.npz,/content/drive/MyDrive/CareWave_Round4_Reextract/synchronized_315/train/sujin_pick_up_normal_01_synchronized_315.npz,1802,1804,1802,1802,1802,100.0,0.004999071359634399,0.009993149898946285,315,66,0.33768558502197266,completed,
sujin_pick_up_normal_02,train,/content/drive/MyDrive/CareWave_Round4_Reextract/final_split/pose/train/sujin_pick_up_normal_02_pose.csv,/content/drive/MyDrive/CareWave_Round4_Reextract/features_315/train/sujin_pick_up_normal_02_features_315.npz,/content/drive/MyDrive/CareWave_Round4_Reextract/synchronized_315/train/sujin_pick_up_normal_02_synchronized_315.npz,1805,1803,1803,1800,1798,99.61218836565097,0.0049852486699819565,0.009990120306611061,315,66,0.3228638172149658,completed,
sujin_pick_up_normal_03,train,/content/drive/MyDrive/CareWave_Round4_Reextract/final_split/pose/train/sujin_pick_up_normal_03_pose.csv,/content/drive/MyDrive/CareWave_Round4_Reextract/features_315/train/sujin_pick_up_normal_03_features_315.npz,/content/drive/MyDrive/CareWave_Round4_Reextract/synchronized_315/train/sujin_pick_up_normal_03_synchronized_315.npz,130,131,130,130,130,100.0,1.3497013640062505e-07,3.814697322468419e-07,315,66,0.053009748458862305,completed,
sujin_pick_up_normal_04,train,/content/drive/MyDrive/CareWave_Round4_Reextract/final_split/pose/train/sujin_pick_up_normal_04_pose.csv,/content/drive/MyDrive/CareWave_Round4_Reextract/features_315/train/sujin_pick_up_normal_04_features_315.npz,/content/drive/MyDrive/CareWave_Round4_Reextract/synchronized_315/train/sujin_pick_up_normal_04_synchronized_315.npz,126,127,126,126,126,100.0,0.0008311168057844043,0.0016622340772300959,315,66,0.04687643051147461,completed,
sujin_pick_up_normal_05,train,/content/drive/MyDrive/CareWave_Round4_Reextract/final_split/pose/train/sujin_pick_up_normal_05_pose.csv,/content/drive/MyDrive/CareWave_Round4_Reextract/features_315/train/sujin_pick_up_normal_05_features_315.npz,/content/drive/MyDrive/CareWave_Round4_Reextract/synchronized_315/train/sujin_pick_up_normal_05_synchronized_315.npz,126,128,126,126,126,100.0,0.0008289123070426285,0.0016578249633312225,315,66,0.06884598731994629,completed,
sujin_pick_up_normal_06,train,/content/drive/MyDrive/CareWave_Round4_Reextract/final_split/pose/train/sujin_pick_up_normal_06_pose.csv,/content/drive/MyDrive/CareWave_Round4_Reextract/features_315/train/sujin_pick_up_normal_06_features_315.npz,/content/drive/MyDrive/CareWave_Round4_Reextract/synchronized_315/train/sujin_pick_up_normal_06_synchronized_315.npz,129,129,129,129,129,100.0,0.0008268702658824623,0.0016535560134798288,315,66,0.048363447189331055,completed,
sujin_pick_up_normal_07,train,/content/drive/MyDrive/CareWave_Round4_Reextract/final_split/pose/train/sujin_pick_up_normal_07_pose.csv,/content/drive/MyDrive/CareWave_Round4_Reextract/features_315/train/sujin_pick_up_normal_07_features_315.npz,/content/drive/MyDrive/CareWave_Round4_Reextract/synchronized_315/train/sujin_pick_up_normal_07_synchronized_315.npz,134,133,133,134,133,99.25373134328358,0.0008229410741478205,0.0016460759798064828,315,66,0.04808378219604492,completed,
sujin_pick_up_normal_08,train,/content/drive/MyDrive/CareWave_Round4_Reextract/final_split/pose/train/sujin_pick_up_normal_08_pose.csv,/content/drive/MyDrive/CareWave_Round4_Reextract/features_315/train/sujin_pick_up_normal_08_features_315.npz,/content/drive/MyDrive/CareWave_Round4_Reextract/synchronized_315/train/sujin_pick_up_normal_08_synchronized_315.npz,129,129,129,129,129,100.0,0.0008290124242193997,0.0016578403301537037,315,66,0.047065019607543945,completed,
sujin_pick_up_normal_09,train,/content/drive/MyDrive/CareWave_Round4_Reextract/final_split/pose/train/sujin_pick_up_normal_09_pose.csv,/content/drive/MyDrive/CareWave_Round4_Reextract/features_315/train/sujin_pick_up_normal_09_features_315.npz,/content/drive/MyDrive/CareWave_Round4_Reextract/synchronized_315/train/sujin_pick_up_normal_09_synchronized_315.npz,129,127,127,129,127,98.44961240310077,0.0008160590077750385,0.0016317429253831506,315,66,0.054192304611206055,completed,
sujin_pick_up_normal_10,train,/content/drive/MyDrive/CareWave_Round4_Reextract/final_split/pose/train/sujin_pick_up_normal_10_pose.csv,/content/drive/MyDrive/CareWave_Round4_Reextract/features_315/train/sujin_pick_up_normal_10_features_315.npz,/content/drive/MyDrive/CareWave_Round4_Reextract/synchronized_315/train/sujin_pick_up_normal_10_synchronized_315.npz,123,126,123,123,123,100.0,0.0008310609846375883,0.001662316033616662,315,66,0.050164222717285156,completed,
sujin_pick_up_normal_11,train,/content/drive/MyDrive/CareWave_Round4_Reextract/final_split/pose/train/sujin_pick_up_normal_11_pose.csv,/content/drive/MyDrive/CareWave_Round4_Reextract/features_315/train/sujin_pick_up_normal_11_features_315.npz,/content/drive/MyDrive/CareWave_Round4_Reextract/synchronized_315/train/sujin_pick_up_normal_11_synchronized_315.npz,129,130,129,129,129,100.0,0.0008290124242193997,0.0016578403301537037,315,66,0.05198931694030762,completed,
sujin_pick_up_normal_12,train,/content/drive/MyDrive/CareWave_Round4_Reextract/final_split/pose/train/sujin_pick_up_normal_12_pose.csv,/content/drive/MyDrive/CareWave_Round4_Reextract/features_315/train/sujin_pick_up_normal_12_features_315.npz,/content/drive/MyDrive/CareWave_Round4_Reextract/synchronized_315/train/sujin_pick_up_normal_12_synchronized_315.npz,129,128,128,129,128,99.2248062015504,0.0008204117184504867,0.0016410176176577806,315,66,0.04955458641052246,completed,
sujin_pick_up_variation_01,train,/content/drive/MyDrive/CareWave_Round4_Reextract/final_split/pose/train/sujin_pick_up_variation_01_pose.csv,/content/drive/MyDrive/CareWave_Round4_Reextract/features_315/train/sujin_pick_up_variation_01_features_315.npz,/content/drive/MyDrive/CareWave_Round4_Reextract/synchronized_315/train/sujin_pick_up_variation_01_synchronized_315.npz,1803,1804,1803,1802,1802,99.94453688297283,0.004997417330741882,0.009999353438615799,315,66,0.31455278396606445,completed,
sujin_pick_up_variation_02,train,/content/drive/MyDrive/CareWave_Round4_Reextract/final_split/pose/train/sujin_pick_up_variation_02_pose.csv,/content/drive/MyDrive/CareWave_Round4_Reextract/features_315/train/sujin_pick_up_variation_02_features_315.npz,/content/drive/MyDrive/CareWave_Round4_Reextract/synchronized_315/train/sujin_pick_up_variation_02_synchronized_315.npz,129,130,129,129,129,100.0,0.0008268702658824623,0.0016535560134798288,315,66,0.05253410339355469,completed,
sujin_pick_up_variation_03,train,/content/drive/MyDrive/CareWave_Round4_Reextract/final_split/pose/train/sujin_pick_up_variation_03_pose.csv,/content/drive/MyDrive/CareWave_Round4_Reextract/features_315/train/sujin_pick_up_variation_03_features_315.npz,/content/drive/MyDrive/CareWave_Round4_Reextract/synchronized_315/train/sujin_pick_up_variation_03_synchronized_315.npz,128,128,128,128,128,100.0,0.0008311501587741077,0.0016624943818897009,315,66,0.05207014083862305,completed,
sujin_pick_up_variation_04,train,/content/drive/MyDrive/CareWave_Round4_Reextract/final_split/pose/train/sujin_pick_up_variation_04_pose.csv,/content/drive/MyDrive/CareWave_Round4_Reextract/features_315/train/sujin_pick_up_variation_04_features_315.npz,/content/drive/MyDrive/CareWave_Round4_Reextract/synchronized_315/train/sujin_pick_up_variation_04_synchronized_315.npz,127,127,127,127,127,100.0,0.0008289442048408091,0.0016575133195146918,315,66,0.04807090759277344,completed,
sujin_pick_up_variation_05,train,/content/drive/MyDrive/CareWave_Round4_Reextract/final_split/pose/train/sujin_pick_up_variation_05_pose.csv,/content/drive/MyDrive/CareWave_Round4_Reextract/features_315/train/sujin_pick_up_variation_05_features_315.npz,/content/drive/MyDrive/CareWave_Round4_Reextract/synchronized_315/train/sujin_pick_up_variation_05_synchronized_315.npz,127,126,126,127,126,99.21259842519686,1.3017229605338798e-07,3.814697322468419e-07,315,66,0.0500946044921875,completed,
sujin_sit_normal_01,train,/content/drive/MyDrive/CareWave_Round4_Reextract/final_split/pose/train/sujin_sit_normal_01_pose.csv,/content/drive/MyDrive/CareWave_Round4_Reextract/features_315/train/sujin_sit_normal_01_features_315.npz,/content/drive/MyDrive/CareWave_Round4_Reextract/synchronized_315/train/sujin_sit_normal_01_synchronized_315.npz,1217,1216,1216,1217,1216,99.9178307313065,0.0033287673722952604,0.0066575342789292336,315,66,0.2519490718841553,completed,
sujin_sit_normal_02,train,/content/drive/MyDrive/CareWave_Round4_Reextract/final_split/pose/train/sujin_sit_normal_02_pose.csv,/content/drive/MyDrive/CareWave_Round4_Reextract/features_315/train/sujin_sit_normal_02_features_315.npz,/content/drive/MyDrive/CareWave_Round4_Reextract/synchronized_315/train/sujin_sit_normal_02_synchronized_315.npz,127,126,126,127,126,99.21259842519686,0.000822368252556771,0.0016447368543595076,315,66,0.051206350326538086,completed,
sujin_sit_normal_03,train,/content/drive/MyDrive/CareWave_Round4_Reextract/final_split/pose/train/sujin_sit_normal_03_pose.csv,/content/drive/MyDrive/CareWave_Round4_Reextract/features_315/train/sujin_sit_normal_03_features_315.npz,/content/drive/MyDrive/CareWave_Round4_Reextract/synchronized_315/train/sujin_sit_normal_03_synchronized_315.npz,128,129,128,128,128,100.0,0.0008289800025522709,0.001658154185861349,315,66,0.04749584197998047,completed,
sujin_sit_normal_04,train,/content/drive/MyDrive/CareWave_Round4_Reextract/final_split/pose/train/sujin_sit_normal_04_pose.csv,/content/drive/MyDrive/CareWave_Round4_Reextract/features_315/train/sujin_sit_normal_04_features_315.npz,/content/drive/MyDrive/CareWave_Round4_Reextract/synchronized_315/train/sujin_sit_normal_04_synchronized_315.npz,139,139,139,139,139,100.0,0.0008293240098282695,0.0016584631521254778,315,66,0.047944068908691406,completed,
sujin_sit_normal_05,train,/content/drive/MyDrive/CareWave_Round4_Reextract/final_split/pose/train/sujin_sit_normal_05_pose.csv,/content/drive/MyDrive/CareWave_Round4_Reextract/features_315/train/sujin_sit_normal_05_features_315.npz,/content/drive/MyDrive/CareWave_Round4_Reextract/synchronized_315/train/sujin_sit_normal_05_synchronized_315.npz,127,129,127,127,127,100.0,0.0008289442048408091,0.0016575133195146918,315,66,0.04516291618347168,completed,
sujin_sit_normal_06,train,/content/drive/MyDrive/CareWave_Round4_Reextract/final_split/pose/train/sujin_sit_normal_06_pose.csv,/content/drive/MyDrive/CareWave_Round4_Reextract/features_315/train/sujin_sit_normal_06_features_315.npz,/content/drive/MyDrive/CareWave_Round4_Reextract/synchronized_315/train/sujin_sit_normal_06_synchronized_315.npz,129,130,129,129,129,100.0,0.0008268702658824623,0.0016535560134798288,315,66,0.047865867614746094,completed,
sujin_sit_normal_07,train,/content/drive/MyDrive/CareWave_Round4_Reextract/final_split/pose/train/sujin_sit_normal_07_pose.csv,/content/drive/MyDrive/CareWave_Round4_Reextract/features_315/train/sujin_sit_normal_07_features_315.npz,/content/drive/MyDrive/CareWave_Round4_Reextract/synchronized_315/train/sujin_sit_normal_07_synchronized_315.npz,126,127,126,126,126,100.0,0.0008311168057844043,0.0016622340772300959,315,66,0.05232357978820801,completed,
sujin_sit_normal_08,train,/content/drive/MyDrive/CareWave_Round4_Reextract/final_split/pose/train/sujin_sit_normal_08_pose.csv,/content/drive/MyDrive/CareWave_Round4_Reextract/features_315/train/sujin_sit_normal_08_features_315.npz,/content/drive/MyDrive/CareWave_Round4_Reextract/synchronized_315/train/sujin_sit_normal_08_synchronized_315.npz,126,130,126,126,126,100.0,0.0008289123070426285,0.0016578249633312225,315,66,0.07087564468383789,completed,
sujin_sit_normal_09,train,/content/drive/MyDrive/CareWave_Round4_Reextract/final_split/pose/train/sujin_sit_normal_09_pose.csv,/content/drive/MyDrive/CareWave_Round4_Reextract/features_315/train/sujin_sit_normal_09_features_315.npz,/content/drive/MyDrive/CareWave_Round4_Reextract/synchronized_315/train/sujin_sit_normal_09_synchronized_315.npz,129,129,129,129,129,100.0,0.0008290124242193997,0.0016578403301537037,315,66,0.05532526969909668,completed,
sujin_sit_to_stand_normal_01,train,/content/drive/MyDrive/CareWave_Round4_Reextract/final_split/pose/train/sujin_sit_to_stand_normal_01_pose.csv,/content/drive/MyDrive/CareWave_Round4_Reextract/features_315/train/sujin_sit_to_stand_normal_01_features_315.npz,/content/drive/MyDrive/CareWave_Round4_Reextract/synchronized_315/train/sujin_sit_to_stand_normal_01_synchronized_315.npz,1805,1811,1805,1805,1805,100.0,0.004997230134904385,0.010000563226640224,315,66,0.3055765628814697,completed,
sujin_sit_to_stand_normal_02,train,/content/drive/MyDrive/CareWave_Round4_Reextract/final_split/pose/train/sujin_sit_to_stand_normal_02_pose.csv,/content/drive/MyDrive/CareWave_Round4_Reextract/features_315/train/sujin_sit_to_stand_normal_02_features_315.npz,/content/drive/MyDrive/CareWave_Round4_Reextract/synchronized_315/train/sujin_sit_to_stand_normal_02_synchronized_315.npz,1802,1801,1801,1802,1801,99.94450610432852,0.004994450602680445,0.009989455342292786,315,66,0.29756975173950195,completed,
sujin_sit_to_stand_normal_03,train,/content/drive/MyDrive/CareWave_Round4_Reextract/final_split/pose/train/sujin_sit_to_stand_normal_03_pose.csv,/content/drive/MyDrive/CareWave_Round4_Reextract/features_315/train/sujin_sit_to_stand_normal_03_features_315.npz,/content/drive/MyDrive/CareWave_Round4_Reextract/synchronized_315/train/sujin_sit_to_stand_normal_03_synchronized_315.npz,130,130,130,130,130,100.0,0.0008311853744089603,0.001662752591073513,315,66,0.05178713798522949,completed,
sujin_sit_to_stand_normal_04,train,/content/drive/MyDrive/CareWave_Round4_Reextract/final_split/pose/train/sujin_sit_to_stand_normal_04_pose.csv,/content/drive/MyDrive/CareWave_Round4_Reextract/features_315/train/sujin_sit_to_stand_normal_04_features_315.npz,/content/drive/MyDrive/CareWave_Round4_Reextract/synchronized_315/train/sujin_sit_to_stand_normal_04_synchronized_315.npz,126,127,126,126,126,100.0,0.0008289123070426285,0.0016578249633312225,315,66,0.045540571212768555,completed,
sujin_sit_to_stand_normal_05,train,/content/drive/MyDrive/CareWave_Round4_Reextract/final_split/pose/train/sujin_sit_to_stand_normal_05_pose.csv,/content/drive/MyDrive/CareWave_Round4_Reextract/features_315/train/sujin_sit_to_stand_normal_05_features_315.npz,/content/drive/MyDrive/CareWave_Round4_Reextract/synchronized_315/train/sujin_sit_to_stand_normal_05_synchronized_315.npz,127,127,127,127,127,100.0,0.0008289442048408091,0.0016575133195146918,315,66,0.06091737747192383,completed,
sujin_sit_to_stand_normal_06,train,/content/drive/MyDrive/CareWave_Round4_Reextract/final_split/pose/train/sujin_sit_to_stand_normal_06_pose.csv,/content/drive/MyDrive/CareWave_Round4_Reextract/features_315/train/sujin_sit_to_stand_normal_06_features_315.npz,/content/drive/MyDrive/CareWave_Round4_Reextract/synchronized_315/train/sujin_sit_to_stand_normal_06_synchronized_315.npz,127,125,125,127,125,98.4251968503937,0.0008157892734743655,0.0016319603892043233,315,66,0.10083603858947754,completed,
sujin_slow_lie_down_01,train,/content/drive/MyDrive/CareWave_Round4_Reextract/final_split/pose/train/sujin_slow_lie_down_01_pose.csv,/content/drive/MyDrive/CareWave_Round4_Reextract/features_315/train/sujin_slow_lie_down_01_features_315.npz,/content/drive/MyDrive/CareWave_Round4_Reextract/synchronized_315/train/sujin_slow_lie_down_01_synchronized_315.npz,1802,1801,1801,1783,1782,98.89012208657047,0.004989445209503174,0.009989455342292786,315,66,0.29675769805908203,completed,
sujin_stand_normal_01,train,/content/drive/MyDrive/CareWave_Round4_Reextract/final_split/pose/train/sujin_stand_normal_01_pose.csv,/content/drive/MyDrive/CareWave_Round4_Reextract/features_315/train/sujin_stand_normal_01_features_315.npz,/content/drive/MyDrive/CareWave_Round4_Reextract/synchronized_315/train/sujin_stand_normal_01_synchronized_315.npz,1206,1207,1206,1206,1206,100.0,0.0033314903266727924,0.0066629801876842976,315,66,0.2087697982788086,completed,
sujin_stand_normal_02,train,/content/drive/MyDrive/CareWave_Round4_Reextract/final_split/pose/train/sujin_stand_normal_02_pose.csv,/content/drive/MyDrive/CareWave_Round4_Reextract/features_315/train/sujin_stand_normal_02_features_315.npz,/content/drive/MyDrive/CareWave_Round4_Reextract/synchronized_315/train/sujin_stand_normal_02_synchronized_315.npz,603,603,603,603,603,100.0,0.0016648242017254233,0.0033288830891251564,315,66,0.11629509925842285,completed,
sujin_stand_normal_03,train,/content/drive/MyDrive/CareWave_Round4_Reextract/final_split/pose/train/sujin_stand_normal_03_pose.csv,/content/drive/MyDrive/CareWave_Round4_Reextract/features_315/train/sujin_stand_normal_03_features_315.npz,/content/drive/MyDrive/CareWave_Round4_Reextract/synchronized_315/train/sujin_stand_normal_03_synchronized_315.npz,131,133,131,131,131,100.0,0.0008312018471769989,0.0016624040435999632,315,66,0.05075192451477051,completed,
sujin_stand_normal_04,train,/content/drive/MyDrive/CareWave_Round4_Reextract/final_split/pose/train/sujin_stand_normal_04_pose.csv,/content/drive/MyDrive/CareWave_Round4_Reextract/features_315/train/sujin_stand_normal_04_features_315.npz,/content/drive/MyDrive/CareWave_Round4_Reextract/synchronized_315/train/sujin_stand_normal_04_synchronized_315.npz,126,128,126,126,126,100.0,0.0008289123070426285,0.0016578249633312225,315,66,0.05735421180725098,completed,
sujin_stand_normal_05,train,/content/drive/MyDrive/CareWave_Round4_Reextract/final_split/pose/train/sujin_stand_normal_05_pose.csv,/content/drive/MyDrive/CareWave_Round4_Reextract/features_315/train/sujin_stand_normal_05_features_315.npz,/content/drive/MyDrive/CareWave_Round4_Reextract/synchronized_315/train/sujin_stand_normal_05_synchronized_315.npz,131,133,131,131,131,100.0,0.0008290814585052431,0.0016581632662564516,315,66,0.04913949966430664,completed,
sujin_stand_normal_06,train,/content/drive/MyDrive/CareWave_Round4_Reextract/final_split/pose/train/sujin_stand_normal_06_pose.csv,/content/drive/MyDrive/CareWave_Round4_Reextract/features_315/train/sujin_stand_normal_06_features_315.npz,/content/drive/MyDrive/CareWave_Round4_Reextract/synchronized_315/train/sujin_stand_normal_06_synchronized_315.npz,129,131,129,129,129,100.0,0.0008290124242193997,0.0016578403301537037,315,66,0.046608924865722656,completed,
sujin_stand_normal_07,train,/content/drive/MyDrive/CareWave_Round4_Reextract/final_split/pose/train/sujin_stand_normal_07_pose.csv,/content/drive/MyDrive/CareWave_Round4_Reextract/features_315/train/sujin_stand_normal_07_features_315.npz,/content/drive/MyDrive/CareWave_Round4_Reextract/synchronized_315/train/sujin_stand_normal_07_synchronized_315.npz,131,128,128,131,128,97.70992366412213,0.0008120188140310347,0.001624231692403555,315,66,0.048699140548706055,completed,
sujin_stand_normal_08,train,/content/drive/MyDrive/CareWave_Round4_Reextract/final_split/pose/train/sujin_stand_normal_08_pose.csv,/content/drive/MyDrive/CareWave_Round4_Reextract/features_315/train/sujin_stand_normal_08_features_315.npz,/content/drive/MyDrive/CareWave_Round4_Reextract/synchronized_315/train/sujin_stand_normal_08_synchronized_315.npz,128,128,128,128,128,100.0,0.0008289800025522709,0.001658154185861349,315,66,0.04885458946228027,completed,
sujin_stand_normal_09,train,/content/drive/MyDrive/CareWave_Round4_Reextract/final_split/pose/train/sujin_stand_normal_09_pose.csv,/content/drive/MyDrive/CareWave_Round4_Reextract/features_315/train/sujin_stand_normal_09_features_315.npz,/content/drive/MyDrive/CareWave_Round4_Reextract/synchronized_315/train/sujin_stand_normal_09_synchronized_315.npz,127,127,127,127,127,100.0,0.0008289442048408091,0.0016575133195146918,315,66,0.05094623565673828,completed,
sujin_stand_normal_10,train,/content/drive/MyDrive/CareWave_Round4_Reextract/final_split/pose/train/sujin_stand_normal_10_pose.csv,/content/drive/MyDrive/CareWave_Round4_Reextract/features_315/train/sujin_stand_normal_10_features_315.npz,/content/drive/MyDrive/CareWave_Round4_Reextract/synchronized_315/train/sujin_stand_normal_10_synchronized_315.npz,128,131,128,128,128,100.0,0.0008289800025522709,0.001658154185861349,315,66,0.04865550994873047,completed,
sujin_stand_normal_11,train,/content/drive/MyDrive/CareWave_Round4_Reextract/final_split/pose/train/sujin_stand_normal_11_pose.csv,/content/drive/MyDrive/CareWave_Round4_Reextract/features_315/train/sujin_stand_normal_11_features_315.npz,/content/drive/MyDrive/CareWave_Round4_Reextract/synchronized_315/train/sujin_stand_normal_11_synchronized_315.npz,130,131,130,130,130,100.0,0.0008311853744089603,0.001662752591073513,315,66,0.050574302673339844,completed,
sujin_stand_normal_12,train,/content/drive/MyDrive/CareWave_Round4_Reextract/final_split/pose/train/sujin_stand_normal_12_pose.csv,/content/drive/MyDrive/CareWave_Round4_Reextract/features_315/train/sujin_stand_normal_12_features_315.npz,/content/drive/MyDrive/CareWave_Round4_Reextract/synchronized_315/train/sujin_stand_normal_12_synchronized_315.npz,130,131,130,130,130,100.0,0.0008290486875921488,0.001658479101024568,315,66,0.05559420585632324,completed,
sujin_walk_normal_01,train,/content/drive/MyDrive/CareWave_Round4_Reextract/final_split/pose/train/sujin_walk_normal_01_pose.csv,/content/drive/MyDrive/CareWave_Round4_Reextract/features_315/train/sujin_walk_normal_01_features_315.npz,/content/drive/MyDrive/CareWave_Round4_Reextract/synchronized_315/train/sujin_walk_normal_01_synchronized_315.npz,1205,1208,1205,1205,1205,100.0,0.003332410706207156,0.006663295440375805,315,66,0.25238490104675293,completed,
sujin_walk_normal_02,train,/content/drive/MyDrive/CareWave_Round4_Reextract/final_split/pose/train/sujin_walk_normal_02_pose.csv,/content/drive/MyDrive/CareWave_Round4_Reextract/features_315/train/sujin_walk_normal_02_features_315.npz,/content/drive/MyDrive/CareWave_Round4_Reextract/synchronized_315/train/sujin_walk_normal_02_synchronized_315.npz,125,125,125,125,125,100.0,0.0008310991106554866,0.0016625798307359219,315,66,0.24103593826293945,completed,
sujin_walk_normal_03,train,/content/drive/MyDrive/CareWave_Round4_Reextract/final_split/pose/train/sujin_walk_normal_03_pose.csv,/content/drive/MyDrive/CareWave_Round4_Reextract/features_315/train/sujin_walk_normal_03_features_315.npz,/content/drive/MyDrive/CareWave_Round4_Reextract/synchronized_315/train/sujin_walk_normal_03_synchronized_315.npz,128,129,128,128,128,100.0,0.0008268211968243122,0.0016538365744054317,315,66,0.062418460845947266,completed,
sujin_walk_normal_04,train,/content/drive/MyDrive/CareWave_Round4_Reextract/final_split/pose/train/sujin_walk_normal_04_pose.csv,/content/drive/MyDrive/CareWave_Round4_Reextract/features_315/train/sujin_walk_normal_04_features_315.npz,/content/drive/MyDrive/CareWave_Round4_Reextract/synchronized_315/train/sujin_walk_normal_04_synchronized_315.npz,129,129,129,129,129,100.0,0.0008268702658824623,0.0016535560134798288,315,66,0.06965184211730957,completed,
sujin_walk_normal_05,train,/content/drive/MyDrive/CareWave_Round4_Reextract/final_split/pose/train/sujin_walk_normal_05_pose.csv,/content/drive/MyDrive/CareWave_Round4_Reextract/features_315/train/sujin_walk_normal_05_features_315.npz,/content/drive/MyDrive/CareWave_Round4_Reextract/synchronized_315/train/sujin_walk_normal_05_synchronized_315.npz,128,129,128,128,128,100.0,0.0008311501587741077,0.0016624943818897009,315,66,0.04586958885192871,completed,
sujin_walk_normal_06,train,/content/drive/MyDrive/CareWave_Round4_Reextract/final_split/pose/train/sujin_walk_normal_06_pose.csv,/content/drive/MyDrive/CareWave_Round4_Reextract/features_315/train/sujin_walk_normal_06_features_315.npz,/content/drive/MyDrive/CareWave_Round4_Reextract/synchronized_315/train/sujin_walk_normal_06_synchronized_315.npz,127,128,127,127,127,100.0,0.0008267684606835246,0.0016531618312001228,315,66,0.04932570457458496,completed,
sujin_walk_normal_07,train,/content/drive/MyDrive/CareWave_Round4_Reextract/final_split/pose/train/sujin_walk_normal_07_pose.csv,/content/drive/MyDrive/CareWave_Round4_Reextract/features_315/train/sujin_walk_normal_07_features_315.npz,/content/drive/MyDrive/CareWave_Round4_Reextract/synchronized_315/train/sujin_walk_normal_07_synchronized_315.npz,126,128,126,126,126,100.0,0.0008289123070426285,0.0016578249633312225,315,66,0.04831719398498535,completed,
sujin_walk_normal_08,train,/content/drive/MyDrive/CareWave_Round4_Reextract/final_split/pose/train/sujin_walk_normal_08_pose.csv,/content/drive/MyDrive/CareWave_Round4_Reextract/features_315/train/sujin_walk_normal_08_features_315.npz,/content/drive/MyDrive/CareWave_Round4_Reextract/synchronized_315/train/sujin_walk_normal_08_synchronized_315.npz,122,122,122,122,122,100.0,1.2818662753488752e-07,3.814697322468419e-07,315,66,0.048818111419677734,completed,
sujin_walk_normal_09,train,/content/drive/MyDrive/CareWave_Round4_Reextract/final_split/pose/train/sujin_walk_normal_09_pose.csv,/content/drive/MyDrive/CareWave_Round4_Reextract/features_315/train/sujin_walk_normal_09_features_315.npz,/content/drive/MyDrive/CareWave_Round4_Reextract/synchronized_315/train/sujin_walk_normal_09_synchronized_315.npz,127,130,127,127,127,100.0,0.0008267684606835246,0.0016531618312001228,315,66,0.04797029495239258,completed,
sujin_walk_normal_10,train,/content/drive/MyDrive/CareWave_Round4_Reextract/final_split/pose/train/sujin_walk_normal_10_pose.csv,/content/drive/MyDrive/CareWave_Round4_Reextract/features_315/train/sujin_walk_normal_10_features_315.npz,/content/drive/MyDrive/CareWave_Round4_Reextract/synchronized_315/train/sujin_walk_normal_10_synchronized_315.npz,129,134,129,129,129,100.0,0.0008268702658824623,0.0016535560134798288,315,66,0.04638195037841797,completed,
sujin_walk_normal_11,train,/content/drive/MyDrive/CareWave_Round4_Reextract/final_split/pose/train/sujin_walk_normal_11_pose.csv,/content/drive/MyDrive/CareWave_Round4_Reextract/features_315/train/sujin_walk_normal_11_features_315.npz,/content/drive/MyDrive/CareWave_Round4_Reextract/synchronized_315/train/sujin_walk_normal_11_synchronized_315.npz,127,129,127,127,127,100.0,0.0008267684606835246,0.0016531618312001228,315,66,0.0509333610534668,completed,
sujin_walk_normal_12,train,/content/drive/MyDrive/CareWave_Round4_Reextract/final_split/pose/train/sujin_walk_normal_12_pose.csv,/content/drive/MyDrive/CareWave_Round4_Reextract/features_315/train/sujin_walk_normal_12_features_315.npz,/content/drive/MyDrive/CareWave_Round4_Reextract/synchronized_315/train/sujin_walk_normal_12_synchronized_315.npz,129,128,128,129,128,99.2248062015504,0.0008246736833825707,0.001649541431106627,315,66,0.048775434494018555,completed,
sujin_walk_normal_13,train,/content/drive/MyDrive/CareWave_Round4_Reextract/final_split/pose/train/sujin_walk_normal_13_pose.csv,/content/drive/MyDrive/CareWave_Round4_Reextract/features_315/train/sujin_walk_normal_13_features_315.npz,/content/drive/MyDrive/CareWave_Round4_Reextract/synchronized_315/train/sujin_walk_normal_13_synchronized_315.npz,130,130,130,130,130,100.0,0.0008311853744089603,0.001662752591073513,315,66,0.05129575729370117,completed,
yena_arm_move_normal_01,train,/content/drive/MyDrive/CareWave_Round4_Reextract/final_split/pose/train/yena_arm_move_normal_01_pose.csv,/content/drive/MyDrive/CareWave_Round4_Reextract/features_315/train/yena_arm_move_normal_01_features_315.npz,/content/drive/MyDrive/CareWave_Round4_Reextract/synchronized_315/train/yena_arm_move_normal_01_synchronized_315.npz,1813,1815,1813,1813,1813,100.0,0.004998159594833851,0.00999937392771244,315,66,0.3681149482727051,completed,
yena_bending_normal_01,train,/content/drive/MyDrive/CareWave_Round4_Reextract/final_split/pose/train/yena_bending_normal_01_pose.csv,/content/drive/MyDrive/CareWave_Round4_Reextract/features_315/train/yena_bending_normal_01_features_315.npz,/content/drive/MyDrive/CareWave_Round4_Reextract/synchronized_315/train/yena_bending_normal_01_synchronized_315.npz,1807,1810,1807,1807,1807,100.0,0.004999074153602123,0.009993186220526695,315,66,0.32491612434387207,completed,
yena_chair_sit_variation_01,train,/content/drive/MyDrive/CareWave_Round4_Reextract/final_split/pose/train/yena_chair_sit_variation_01_pose.csv,/content/drive/MyDrive/CareWave_Round4_Reextract/features_315/train/yena_chair_sit_variation_01_features_315.npz,/content/drive/MyDrive/CareWave_Round4_Reextract/synchronized_315/train/yena_chair_sit_variation_01_synchronized_315.npz,1802,1798,1798,1802,1798,99.7780244173141,0.004987969994544983,0.00997899565845728,315,66,0.3807187080383301,completed,
yena_chair_sit_variation_02,train,/content/drive/MyDrive/CareWave_Round4_Reextract/final_split/pose/train/yena_chair_sit_variation_02_pose.csv,/content/drive/MyDrive/CareWave_Round4_Reextract/features_315/train/yena_chair_sit_variation_02_features_315.npz,/content/drive/MyDrive/CareWave_Round4_Reextract/synchronized_315/train/yena_chair_sit_variation_02_synchronized_315.npz,125,126,125,125,125,100.0,0.0008310991106554866,0.0016625798307359219,315,66,0.04901313781738281,completed,
yena_chair_sit_variation_03,train,/content/drive/MyDrive/CareWave_Round4_Reextract/final_split/pose/train/yena_chair_sit_variation_03_pose.csv,/content/drive/MyDrive/CareWave_Round4_Reextract/features_315/train/yena_chair_sit_variation_03_features_315.npz,/content/drive/MyDrive/CareWave_Round4_Reextract/synchronized_315/train/yena_chair_sit_variation_03_synchronized_315.npz,129,134,129,129,129,100.0,0.0008268702658824623,0.0016535560134798288,315,66,0.07881593704223633,completed,
yena_fall_normal_0,train,/content/drive/MyDrive/CareWave_Round4_Reextract/final_split/pose/train/yena_fall_normal_0_pose.csv,/content/drive/MyDrive/CareWave_Round4_Reextract/features_315/train/yena_fall_normal_0_features_315.npz,/content/drive/MyDrive/CareWave_Round4_Reextract/synchronized_315/train/yena_fall_normal_0_synchronized_315.npz,1203,1206,1203,1203,1203,100.0,0.003331489162519574,0.006666022818535566,315,66,0.28509521484375,completed,
yena_fall_normal_01,train,/content/drive/MyDrive/CareWave_Round4_Reextract/final_split/pose/train/yena_fall_normal_01_pose.csv,/content/drive/MyDrive/CareWave_Round4_Reextract/features_315/train/yena_fall_normal_01_features_315.npz,/content/drive/MyDrive/CareWave_Round4_Reextract/synchronized_315/train/yena_fall_normal_01_synchronized_315.npz,1802,1805,1802,1802,1802,100.0,0.004999071359634399,0.009993149898946285,315,66,0.47533249855041504,completed,
yena_fall_normal_02,train,/content/drive/MyDrive/CareWave_Round4_Reextract/final_split/pose/train/yena_fall_normal_02_pose.csv,/content/drive/MyDrive/CareWave_Round4_Reextract/features_315/train/yena_fall_normal_02_features_315.npz,/content/drive/MyDrive/CareWave_Round4_Reextract/synchronized_315/train/yena_fall_normal_02_synchronized_315.npz,1802,1805,1802,1802,1802,100.0,0.0049972222186625,0.009989455342292786,315,66,0.4472684860229492,completed,
yena_fall_normal_04,train,/content/drive/MyDrive/CareWave_Round4_Reextract/final_split/pose/train/yena_fall_normal_04_pose.csv,/content/drive/MyDrive/CareWave_Round4_Reextract/features_315/train/yena_fall_normal_04_features_315.npz,/content/drive/MyDrive/CareWave_Round4_Reextract/synchronized_315/train/yena_fall_normal_04_synchronized_315.npz,130,134,130,130,130,100.0,0.0008311853744089603,0.001662752591073513,315,66,0.06048321723937988,completed,
yena_fall_normal_05,train,/content/drive/MyDrive/CareWave_Round4_Reextract/final_split/pose/train/yena_fall_normal_05_pose.csv,/content/drive/MyDrive/CareWave_Round4_Reextract/features_315/train/yena_fall_normal_05_features_315.npz,/content/drive/MyDrive/CareWave_Round4_Reextract/synchronized_315/train/yena_fall_normal_05_synchronized_315.npz,125,147,125,125,125,100.0,0.0008288769167847931,0.001658135442994535,315,66,0.062276363372802734,completed,
yena_fall_normal_06,train,/content/drive/MyDrive/CareWave_Round4_Reextract/final_split/pose/train/yena_fall_normal_06_pose.csv,/content/drive/MyDrive/CareWave_Round4_Reextract/features_315/train/yena_fall_normal_06_features_315.npz,/content/drive/MyDrive/CareWave_Round4_Reextract/synchronized_315/train/yena_fall_normal_06_synchronized_315.npz,123,129,123,123,123,100.0,0.0008310609846375883,0.001662316033616662,315,66,0.0564115047454834,completed,
yena_fall_normal_07,train,/content/drive/MyDrive/CareWave_Round4_Reextract/final_split/pose/train/yena_fall_normal_07_pose.csv,/content/drive/MyDrive/CareWave_Round4_Reextract/features_315/train/yena_fall_normal_07_features_315.npz,/content/drive/MyDrive/CareWave_Round4_Reextract/synchronized_315/train/yena_fall_normal_07_synchronized_315.npz,143,127,127,143,127,88.81118881118881,0.0007342625176534057,0.001468149945139885,315,66,0.05895709991455078,completed,
yena_fall_normal_08,train,/content/drive/MyDrive/CareWave_Round4_Reextract/final_split/pose/train/yena_fall_normal_08_pose.csv,/content/drive/MyDrive/CareWave_Round4_Reextract/features_315/train/yena_fall_normal_08_features_315.npz,/content/drive/MyDrive/CareWave_Round4_Reextract/synchronized_315/train/yena_fall_normal_08_synchronized_315.npz,128,131,128,128,128,100.0,0.0008289800025522709,0.001658154185861349,315,66,0.0690610408782959,completed,
yena_fall_normal_09,train,/content/drive/MyDrive/CareWave_Round4_Reextract/final_split/pose/train/yena_fall_normal_09_pose.csv,/content/drive/MyDrive/CareWave_Round4_Reextract/features_315/train/yena_fall_normal_09_features_315.npz,/content/drive/MyDrive/CareWave_Round4_Reextract/synchronized_315/train/yena_fall_normal_09_synchronized_315.npz,123,125,123,123,123,100.0,0.0008265565265901387,0.0016533072339370847,315,66,0.06633257865905762,completed,
yena_fall_normal_10,train,/content/drive/MyDrive/CareWave_Round4_Reextract/final_split/pose/train/yena_fall_normal_10_pose.csv,/content/drive/MyDrive/CareWave_Round4_Reextract/features_315/train/yena_fall_normal_10_features_315.npz,/content/drive/MyDrive/CareWave_Round4_Reextract/synchronized_315/train/yena_fall_normal_10_synchronized_315.npz,123,124,123,123,123,100.0,0.0008310609846375883,0.001662316033616662,315,66,0.060891151428222656,completed,
yena_fall_normal_11,train,/content/drive/MyDrive/CareWave_Round4_Reextract/final_split/pose/train/yena_fall_normal_11_pose.csv,/content/drive/MyDrive/CareWave_Round4_Reextract/features_315/train/yena_fall_normal_11_features_315.npz,/content/drive/MyDrive/CareWave_Round4_Reextract/synchronized_315/train/yena_fall_normal_11_synchronized_315.npz,135,140,135,135,135,100.0,0.000827160372864455,0.0016547024715691805,315,66,0.0706634521484375,completed,
yena_fall_normal_12,train,/content/drive/MyDrive/CareWave_Round4_Reextract/final_split/pose/train/yena_fall_normal_12_pose.csv,/content/drive/MyDrive/CareWave_Round4_Reextract/features_315/train/yena_fall_normal_12_features_315.npz,/content/drive/MyDrive/CareWave_Round4_Reextract/synchronized_315/train/yena_fall_normal_12_synchronized_315.npz,124,128,124,124,124,100.0,0.0008288377430289984,0.0016574912006035447,315,66,0.06999850273132324,completed,
yena_fall_normal_13,train,/content/drive/MyDrive/CareWave_Round4_Reextract/final_split/pose/train/yena_fall_normal_13_pose.csv,/content/drive/MyDrive/CareWave_Round4_Reextract/features_315/train/yena_fall_normal_13_features_315.npz,/content/drive/MyDrive/CareWave_Round4_Reextract/synchronized_315/train/yena_fall_normal_13_synchronized_315.npz,125,128,125,125,125,100.0,0.0008310991106554866,0.0016625798307359219,315,66,0.06999492645263672,completed,
yena_fall_normal_14,train,/content/drive/MyDrive/CareWave_Round4_Reextract/final_split/pose/train/yena_fall_normal_14_pose.csv,/content/drive/MyDrive/CareWave_Round4_Reextract/features_315/train/yena_fall_normal_14_features_315.npz,/content/drive/MyDrive/CareWave_Round4_Reextract/synchronized_315/train/yena_fall_normal_14_synchronized_315.npz,122,126,122,122,122,100.0,0.0008310406119562685,0.0016617064829915762,315,66,0.07078289985656738,completed,
yena_fall_normal_15,train,/content/drive/MyDrive/CareWave_Round4_Reextract/final_split/pose/train/yena_fall_normal_15_pose.csv,/content/drive/MyDrive/CareWave_Round4_Reextract/features_315/train/yena_fall_normal_15_features_315.npz,/content/drive/MyDrive/CareWave_Round4_Reextract/synchronized_315/train/yena_fall_normal_15_synchronized_315.npz,123,126,123,123,123,100.0,0.0008288026438094676,0.0016577994683757424,315,66,0.06412553787231445,completed,
yena_fall_normal_16,train,/content/drive/MyDrive/CareWave_Round4_Reextract/final_split/pose/train/yena_fall_normal_16_pose.csv,/content/drive/MyDrive/CareWave_Round4_Reextract/features_315/train/yena_fall_normal_16_features_315.npz,/content/drive/MyDrive/CareWave_Round4_Reextract/synchronized_315/train/yena_fall_normal_16_synchronized_315.npz,121,123,121,121,121,100.0,0.0008264460484497249,0.0016528925625607371,315,66,0.06435704231262207,completed,
yena_fall_normal_17,train,/content/drive/MyDrive/CareWave_Round4_Reextract/final_split/pose/train/yena_fall_normal_17_pose.csv,/content/drive/MyDrive/CareWave_Round4_Reextract/features_315/train/yena_fall_normal_17_features_315.npz,/content/drive/MyDrive/CareWave_Round4_Reextract/synchronized_315/train/yena_fall_normal_17_synchronized_315.npz,126,129,126,126,126,100.0,0.0008267193916253746,0.0016534391324967146,315,66,0.12564659118652344,completed,
yena_fall_stay_down_01,train,/content/drive/MyDrive/CareWave_Round4_Reextract/final_split/pose/train/yena_fall_stay_down_01_pose.csv,/content/drive/MyDrive/CareWave_Round4_Reextract/features_315/train/yena_fall_stay_down_01_features_315.npz,/content/drive/MyDrive/CareWave_Round4_Reextract/synchronized_315/train/yena_fall_stay_down_01_synchronized_315.npz,1806,1805,1805,1805,1804,99.88925802879291,0.004161009564995766,0.00833174493163824,315,66,0.4441213607788086,completed,
yena_fall_stay_down_02,train,/content/drive/MyDrive/CareWave_Round4_Reextract/final_split/pose/train/yena_fall_stay_down_02_pose.csv,/content/drive/MyDrive/CareWave_Round4_Reextract/features_315/train/yena_fall_stay_down_02_features_315.npz,/content/drive/MyDrive/CareWave_Round4_Reextract/synchronized_315/train/yena_fall_stay_down_02_synchronized_315.npz,130,133,130,130,130,100.0,0.000826922943815589,0.0016542276134714484,315,66,0.08939051628112793,completed,
yena_fall_stay_down_03,train,/content/drive/MyDrive/CareWave_Round4_Reextract/final_split/pose/train/yena_fall_stay_down_03_pose.csv,/content/drive/MyDrive/CareWave_Round4_Reextract/features_315/train/yena_fall_stay_down_03_features_315.npz,/content/drive/MyDrive/CareWave_Round4_Reextract/synchronized_315/train/yena_fall_stay_down_03_synchronized_315.npz,124,129,124,124,124,100.0,1.2919548453282914e-07,3.814697322468419e-07,315,66,0.06615090370178223,completed,
yena_fall_stay_down_04,train,/content/drive/MyDrive/CareWave_Round4_Reextract/final_split/pose/train/yena_fall_stay_down_04_pose.csv,/content/drive/MyDrive/CareWave_Round4_Reextract/features_315/train/yena_fall_stay_down_04_features_315.npz,/content/drive/MyDrive/CareWave_Round4_Reextract/synchronized_315/train/yena_fall_stay_down_04_synchronized_315.npz,126,132,126,126,126,100.0,0.0008311168057844043,0.0016622340772300959,315,66,0.06924200057983398,completed,
yena_fall_stay_down_05,train,/content/drive/MyDrive/CareWave_Round4_Reextract/final_split/pose/train/yena_fall_stay_down_05_pose.csv,/content/drive/MyDrive/CareWave_Round4_Reextract/features_315/train/yena_fall_stay_down_05_features_315.npz,/content/drive/MyDrive/CareWave_Round4_Reextract/synchronized_315/train/yena_fall_stay_down_05_synchronized_315.npz,125,128,125,125,125,100.0,0.0008310991106554866,0.0016625798307359219,315,66,0.0759725570678711,completed,
yena_free_activity_normal_01,train,/content/drive/MyDrive/CareWave_Round4_Reextract/final_split/pose/train/yena_free_activity_normal_01_pose.csv,/content/drive/MyDrive/CareWave_Round4_Reextract/features_315/train/yena_free_activity_normal_01_features_315.npz,/content/drive/MyDrive/CareWave_Round4_Reextract/synchronized_315/train/yena_free_activity_normal_01_synchronized_315.npz,1804,1799,1799,1804,1799,99.72283813747228,0.004984288010746241,0.009966090321540833,315,66,0.4961569309234619,completed,
yena_free_activity_normal_02,train,/content/drive/MyDrive/CareWave_Round4_Reextract/final_split/pose/train/yena_free_activity_normal_02_pose.csv,/content/drive/MyDrive/CareWave_Round4_Reextract/features_315/train/yena_free_activity_normal_02_features_315.npz,/content/drive/MyDrive/CareWave_Round4_Reextract/synchronized_315/train/yena_free_activity_normal_02_synchronized_315.npz,3007,3008,3007,3007,3007,100.0,0.008332408033311367,0.01666039414703846,315,66,0.7073178291320801,completed,
yena_pick_up_normal_01,train,/content/drive/MyDrive/CareWave_Round4_Reextract/final_split/pose/train/yena_pick_up_normal_01_pose.csv,/content/drive/MyDrive/CareWave_Round4_Reextract/features_315/train/yena_pick_up_normal_01_features_315.npz,/content/drive/MyDrive/CareWave_Round4_Reextract/synchronized_315/train/yena_pick_up_normal_01_synchronized_315.npz,1801,1802,1801,1801,1801,100.0,0.004997223615646362,0.009994998574256897,315,66,0.3811190128326416,completed,
yena_pick_up_normal_02,train,/content/drive/MyDrive/CareWave_Round4_Reextract/final_split/pose/train/yena_pick_up_normal_02_pose.csv,/content/drive/MyDrive/CareWave_Round4_Reextract/features_315/train/yena_pick_up_normal_02_features_315.npz,/content/drive/MyDrive/CareWave_Round4_Reextract/synchronized_315/train/yena_pick_up_normal_02_synchronized_315.npz,139,147,139,139,139,100.0,0.0008293240098282695,0.0016584631521254778,315,66,0.056910037994384766,completed,
yena_pick_up_normal_03,train,/content/drive/MyDrive/CareWave_Round4_Reextract/final_split/pose/train/yena_pick_up_normal_03_pose.csv,/content/drive/MyDrive/CareWave_Round4_Reextract/features_315/train/yena_pick_up_normal_03_features_315.npz,/content/drive/MyDrive/CareWave_Round4_Reextract/synchronized_315/train/yena_pick_up_normal_03_synchronized_315.npz,131,131,131,131,131,100.0,0.0008269718964584172,0.001653944025747478,315,66,0.05733489990234375,completed,
yena_pick_up_normal_04,train,/content/drive/MyDrive/CareWave_Round4_Reextract/final_split/pose/train/yena_pick_up_normal_04_pose.csv,/content/drive/MyDrive/CareWave_Round4_Reextract/features_315/train/yena_pick_up_normal_04_features_315.npz,/content/drive/MyDrive/CareWave_Round4_Reextract/synchronized_315/train/yena_pick_up_normal_04_synchronized_315.npz,117,122,117,117,117,100.0,0.0008285680087283254,0.0016567613929510117,315,66,0.05090904235839844,completed,
yena_pick_up_normal_05,train,/content/drive/MyDrive/CareWave_Round4_Reextract/final_split/pose/train/yena_pick_up_normal_05_pose.csv,/content/drive/MyDrive/CareWave_Round4_Reextract/features_315/train/yena_pick_up_normal_05_features_315.npz,/content/drive/MyDrive/CareWave_Round4_Reextract/synchronized_315/train/yena_pick_up_normal_05_synchronized_315.npz,134,134,134,134,134,100.0,0.0008312470163218677,0.001662309281527996,315,66,0.05729532241821289,completed,
yena_pick_up_normal_06,train,/content/drive/MyDrive/CareWave_Round4_Reextract/final_split/pose/train/yena_pick_up_normal_06_pose.csv,/content/drive/MyDrive/CareWave_Round4_Reextract/features_315/train/yena_pick_up_normal_06_features_315.npz,/content/drive/MyDrive/CareWave_Round4_Reextract/synchronized_315/train/yena_pick_up_normal_06_synchronized_315.npz,127,129,127,127,127,100.0,0.0008311313576996326,0.001661887625232339,315,66,0.053710222244262695,completed,
yena_pick_up_normal_07,train,/content/drive/MyDrive/CareWave_Round4_Reextract/final_split/pose/train/yena_pick_up_normal_07_pose.csv,/content/drive/MyDrive/CareWave_Round4_Reextract/features_315/train/yena_pick_up_normal_07_features_315.npz,/content/drive/MyDrive/CareWave_Round4_Reextract/synchronized_315/train/yena_pick_up_normal_07_synchronized_315.npz,128,134,128,128,128,100.0,0.0008268211968243122,0.0016538365744054317,315,66,0.06803560256958008,completed,
yena_pick_up_normal_08,train,/content/drive/MyDrive/CareWave_Round4_Reextract/final_split/pose/train/yena_pick_up_normal_08_pose.csv,/content/drive/MyDrive/CareWave_Round4_Reextract/features_315/train/yena_pick_up_normal_08_features_315.npz,/content/drive/MyDrive/CareWave_Round4_Reextract/synchronized_315/train/yena_pick_up_normal_08_synchronized_315.npz,127,131,127,127,127,100.0,0.0008311313576996326,0.001661887625232339,315,66,0.05067300796508789,completed,
yena_pick_up_normal_09,train,/content/drive/MyDrive/CareWave_Round4_Reextract/final_split/pose/train/yena_pick_up_normal_09_pose.csv,/content/drive/MyDrive/CareWave_Round4_Reextract/features_315/train/yena_pick_up_normal_09_features_315.npz,/content/drive/MyDrive/CareWave_Round4_Reextract/synchronized_315/train/yena_pick_up_normal_09_synchronized_315.npz,128,128,128,128,128,100.0,0.0008311501587741077,0.0016624943818897009,315,66,0.05394244194030762,completed,
yena_pick_up_normal_10,train,/content/drive/MyDrive/CareWave_Round4_Reextract/final_split/pose/train/yena_pick_up_normal_10_pose.csv,/content/drive/MyDrive/CareWave_Round4_Reextract/features_315/train/yena_pick_up_normal_10_features_315.npz,/content/drive/MyDrive/CareWave_Round4_Reextract/synchronized_315/train/yena_pick_up_normal_10_synchronized_315.npz,129,130,129,129,129,100.0,0.0008290124242193997,0.0016578403301537037,315,66,0.053833723068237305,completed,
yena_pick_up_normal_11,train,/content/drive/MyDrive/CareWave_Round4_Reextract/final_split/pose/train/yena_pick_up_normal_11_pose.csv,/content/drive/MyDrive/CareWave_Round4_Reextract/features_315/train/yena_pick_up_normal_11_features_315.npz,/content/drive/MyDrive/CareWave_Round4_Reextract/synchronized_315/train/yena_pick_up_normal_11_synchronized_315.npz,122,126,122,122,122,100.0,0.0008264993666671216,0.0016526239924132824,315,66,0.057512760162353516,completed,
yena_pick_up_variation_01,train,/content/drive/MyDrive/CareWave_Round4_Reextract/final_split/pose/train/yena_pick_up_variation_01_pose.csv,/content/drive/MyDrive/CareWave_Round4_Reextract/features_315/train/yena_pick_up_variation_01_features_315.npz,/content/drive/MyDrive/CareWave_Round4_Reextract/synchronized_315/train/yena_pick_up_variation_01_synchronized_315.npz,1800,1808,1800,1799,1799,99.94444444444444,0.004167173523455858,0.008336350321769714,315,66,0.33713650703430176,completed,
yena_pick_up_variation_02,train,/content/drive/MyDrive/CareWave_Round4_Reextract/final_split/pose/train/yena_pick_up_variation_02_pose.csv,/content/drive/MyDrive/CareWave_Round4_Reextract/features_315/train/yena_pick_up_variation_02_features_315.npz,/content/drive/MyDrive/CareWave_Round4_Reextract/synchronized_315/train/yena_pick_up_variation_02_synchronized_315.npz,138,139,138,138,138,100.0,0.0008313091821037233,0.0016628120793029666,315,66,0.07766580581665039,completed,
yena_pick_up_variation_03,train,/content/drive/MyDrive/CareWave_Round4_Reextract/final_split/pose/train/yena_pick_up_variation_03_pose.csv,/content/drive/MyDrive/CareWave_Round4_Reextract/features_315/train/yena_pick_up_variation_03_features_315.npz,/content/drive/MyDrive/CareWave_Round4_Reextract/synchronized_315/train/yena_pick_up_variation_03_synchronized_315.npz,136,133,133,136,133,97.79411764705883,0.0008128062472678721,0.0016258064424619079,315,66,0.053264617919921875,completed,
yena_pick_up_variation_04,train,/content/drive/MyDrive/CareWave_Round4_Reextract/final_split/pose/train/yena_pick_up_variation_04_pose.csv,/content/drive/MyDrive/CareWave_Round4_Reextract/features_315/train/yena_pick_up_variation_04_features_315.npz,/content/drive/MyDrive/CareWave_Round4_Reextract/synchronized_315/train/yena_pick_up_variation_04_synchronized_315.npz,122,126,122,122,122,100.0,0.0008264993666671216,0.0016526239924132824,315,66,0.054009437561035156,completed,
yena_pick_up_variation_05,train,/content/drive/MyDrive/CareWave_Round4_Reextract/final_split/pose/train/yena_pick_up_variation_05_pose.csv,/content/drive/MyDrive/CareWave_Round4_Reextract/features_315/train/yena_pick_up_variation_05_features_315.npz,/content/drive/MyDrive/CareWave_Round4_Reextract/synchronized_315/train/yena_pick_up_variation_05_synchronized_315.npz,100,102,100,100,100,100.0,0.0008277589804492891,0.0016558999195694923,315,66,0.05111527442932129,completed,
yena_sit_move_normal_01,train,/content/drive/MyDrive/CareWave_Round4_Reextract/final_split/pose/train/yena_sit_move_normal_01_pose.csv,/content/drive/MyDrive/CareWave_Round4_Reextract/features_315/train/yena_sit_move_normal_01_features_315.npz,/content/drive/MyDrive/CareWave_Round4_Reextract/synchronized_315/train/yena_sit_move_normal_01_synchronized_315.npz,1813,1816,1813,1813,1813,100.0,0.004997240845113993,0.009997536428272724,315,66,0.3221893310546875,completed,
yena_sit_normal_01,train,/content/drive/MyDrive/CareWave_Round4_Reextract/final_split/pose/train/yena_sit_normal_01_pose.csv,/content/drive/MyDrive/CareWave_Round4_Reextract/features_315/train/yena_sit_normal_01_features_315.npz,/content/drive/MyDrive/CareWave_Round4_Reextract/synchronized_315/train/yena_sit_normal_01_synchronized_315.npz,1207,1204,1204,1207,1204,99.75144987572494,0.0033222876954823732,0.006642101798206568,315,66,0.22787880897521973,completed,
yena_sit_normal_02,train,/content/drive/MyDrive/CareWave_Round4_Reextract/final_split/pose/train/yena_sit_normal_02_pose.csv,/content/drive/MyDrive/CareWave_Round4_Reextract/features_315/train/yena_sit_normal_02_features_315.npz,/content/drive/MyDrive/CareWave_Round4_Reextract/synchronized_315/train/yena_sit_normal_02_synchronized_315.npz,135,137,135,135,135,100.0,0.000827160372864455,0.0016547024715691805,315,66,0.051957130432128906,completed,
yena_sit_normal_03,train,/content/drive/MyDrive/CareWave_Round4_Reextract/final_split/pose/train/yena_sit_normal_03_pose.csv,/content/drive/MyDrive/CareWave_Round4_Reextract/features_315/train/yena_sit_normal_03_features_315.npz,/content/drive/MyDrive/CareWave_Round4_Reextract/synchronized_315/train/yena_sit_normal_03_synchronized_315.npz,128,130,128,128,128,100.0,0.0024869435001164675,0.004974081180989742,315,66,0.05114388465881348,completed,
yena_sit_normal_04,train,/content/drive/MyDrive/CareWave_Round4_Reextract/final_split/pose/train/yena_sit_normal_04_pose.csv,/content/drive/MyDrive/CareWave_Round4_Reextract/features_315/train/yena_sit_normal_04_features_315.npz,/content/drive/MyDrive/CareWave_Round4_Reextract/synchronized_315/train/yena_sit_normal_04_synchronized_315.npz,127,125,125,127,125,98.4251968503937,0.002447368111461401,0.004895118530839682,315,66,0.07505297660827637,completed,
yena_sit_normal_05,train,/content/drive/MyDrive/CareWave_Round4_Reextract/final_split/pose/train/yena_sit_normal_05_pose.csv,/content/drive/MyDrive/CareWave_Round4_Reextract/features_315/train/yena_sit_normal_05_features_315.npz,/content/drive/MyDrive/CareWave_Round4_Reextract/synchronized_315/train/yena_sit_normal_05_synchronized_315.npz,130,135,130,130,130,100.0,0.0033076920080929995,0.006615765858441591,315,66,0.06743335723876953,completed,
yena_sit_normal_06,train,/content/drive/MyDrive/CareWave_Round4_Reextract/final_split/pose/train/yena_sit_normal_06_pose.csv,/content/drive/MyDrive/CareWave_Round4_Reextract/features_315/train/yena_sit_normal_06_features_315.npz,/content/drive/MyDrive/CareWave_Round4_Reextract/synchronized_315/train/yena_sit_normal_06_synchronized_315.npz,130,133,130,130,130,100.0,0.0033247419632971287,0.006649866234511137,315,66,0.04798078536987305,completed,
yena_sit_normal_07,train,/content/drive/MyDrive/CareWave_Round4_Reextract/final_split/pose/train/yena_sit_normal_07_pose.csv,/content/drive/MyDrive/CareWave_Round4_Reextract/features_315/train/yena_sit_normal_07_features_315.npz,/content/drive/MyDrive/CareWave_Round4_Reextract/synchronized_315/train/yena_sit_normal_07_synchronized_315.npz,126,133,126,126,126,100.0,0.00248015858232975,0.004960317630320787,315,66,0.04867839813232422,completed,
yena_sit_normal_08,train,/content/drive/MyDrive/CareWave_Round4_Reextract/final_split/pose/train/yena_sit_normal_08_pose.csv,/content/drive/MyDrive/CareWave_Round4_Reextract/features_315/train/yena_sit_normal_08_features_315.npz,/content/drive/MyDrive/CareWave_Round4_Reextract/synchronized_315/train/yena_sit_normal_08_synchronized_315.npz,135,136,135,135,135,100.0,0.0033086419571191072,0.0066176652908325195,315,66,0.047069549560546875,completed,
yena_sit_normal_09,train,/content/drive/MyDrive/CareWave_Round4_Reextract/final_split/pose/train/yena_sit_normal_09_pose.csv,/content/drive/MyDrive/CareWave_Round4_Reextract/features_315/train/yena_sit_normal_09_features_315.npz,/content/drive/MyDrive/CareWave_Round4_Reextract/synchronized_315/train/yena_sit_normal_09_synchronized_315.npz,123,125,123,123,123,100.0,0.002493186155334115,0.004986566957086325,315,66,0.08145761489868164,completed,
yena_sit_to_stand_normal_01,train,/content/drive/MyDrive/CareWave_Round4_Reextract/final_split/pose/train/yena_sit_to_stand_normal_01_pose.csv,/content/drive/MyDrive/CareWave_Round4_Reextract/features_315/train/yena_sit_to_stand_normal_01_features_315.npz,/content/drive/MyDrive/CareWave_Round4_Reextract/synchronized_315/train/yena_sit_to_stand_normal_01_synchronized_315.npz,122,123,122,122,122,100.0,0.0008287638192996383,0.0016571527812629938,315,66,0.05105161666870117,completed,
yena_sit_to_stand_normal_02,train,/content/drive/MyDrive/CareWave_Round4_Reextract/final_split/pose/train/yena_sit_to_stand_normal_02_pose.csv,/content/drive/MyDrive/CareWave_Round4_Reextract/features_315/train/yena_sit_to_stand_normal_02_features_315.npz,/content/drive/MyDrive/CareWave_Round4_Reextract/synchronized_315/train/yena_sit_to_stand_normal_02_synchronized_315.npz,133,135,133,133,133,100.0,0.000831232697237283,0.0016626592259854078,315,66,0.04918694496154785,completed,
yena_sit_to_stand_normal_03,train,/content/drive/MyDrive/CareWave_Round4_Reextract/final_split/pose/train/yena_sit_to_stand_normal_03_pose.csv,/content/drive/MyDrive/CareWave_Round4_Reextract/features_315/train/yena_sit_to_stand_normal_03_features_315.npz,/content/drive/MyDrive/CareWave_Round4_Reextract/synchronized_315/train/yena_sit_to_stand_normal_03_synchronized_315.npz,124,126,124,124,124,100.0,0.0008288377430289984,0.0016574912006035447,315,66,0.05405879020690918,completed,
yena_sit_to_stand_normal_04,train,/content/drive/MyDrive/CareWave_Round4_Reextract/final_split/pose/train/yena_sit_to_stand_normal_04_pose.csv,/content/drive/MyDrive/CareWave_Round4_Reextract/features_315/train/yena_sit_to_stand_normal_04_features_315.npz,/content/drive/MyDrive/CareWave_Round4_Reextract/synchronized_315/train/yena_sit_to_stand_normal_04_synchronized_315.npz,118,123,118,118,118,100.0,0.0008309640688821673,0.0016621225513517857,315,66,0.04465889930725098,completed,
yena_slow_lie_down_01,train,/content/drive/MyDrive/CareWave_Round4_Reextract/final_split/pose/train/yena_slow_lie_down_01_pose.csv,/content/drive/MyDrive/CareWave_Round4_Reextract/features_315/train/yena_slow_lie_down_01_features_315.npz,/content/drive/MyDrive/CareWave_Round4_Reextract/synchronized_315/train/yena_slow_lie_down_01_synchronized_315.npz,1801,1804,1801,1801,1801,100.0,0.004999074619263411,0.00999869778752327,315,66,0.28368330001831055,completed,
yena_stand_normal_01,train,/content/drive/MyDrive/CareWave_Round4_Reextract/final_split/pose/train/yena_stand_normal_01_pose.csv,/content/drive/MyDrive/CareWave_Round4_Reextract/features_315/train/yena_stand_normal_01_features_315.npz,/content/drive/MyDrive/CareWave_Round4_Reextract/synchronized_315/train/yena_stand_normal_01_synchronized_315.npz,627,630,627,627,627,100.0,0.0016648959135636687,0.003331313142552972,315,66,0.12079095840454102,completed,
yena_stand_normal_02,train,/content/drive/MyDrive/CareWave_Round4_Reextract/final_split/pose/train/yena_stand_normal_02_pose.csv,/content/drive/MyDrive/CareWave_Round4_Reextract/features_315/train/yena_stand_normal_02_features_315.npz,/content/drive/MyDrive/CareWave_Round4_Reextract/synchronized_315/train/yena_stand_normal_02_synchronized_315.npz,104,103,103,104,103,99.03846153846155,0.0008199336589314044,0.0016400620806962252,315,66,0.053839921951293945,completed,
yena_stand_normal_03,train,/content/drive/MyDrive/CareWave_Round4_Reextract/final_split/pose/train/yena_stand_normal_03_pose.csv,/content/drive/MyDrive/CareWave_Round4_Reextract/features_315/train/yena_stand_normal_03_features_315.npz,/content/drive/MyDrive/CareWave_Round4_Reextract/synchronized_315/train/yena_stand_normal_03_synchronized_315.npz,128,131,128,128,128,100.0,0.0008268211968243122,0.0016538365744054317,315,66,0.05695796012878418,completed,
yena_stand_normal_04,train,/content/drive/MyDrive/CareWave_Round4_Reextract/final_split/pose/train/yena_stand_normal_04_pose.csv,/content/drive/MyDrive/CareWave_Round4_Reextract/features_315/train/yena_stand_normal_04_features_315.npz,/content/drive/MyDrive/CareWave_Round4_Reextract/synchronized_315/train/yena_stand_normal_04_synchronized_315.npz,126,128,126,126,126,100.0,0.0008289123070426285,0.0016578249633312225,315,66,0.06191539764404297,completed,
yena_stand_normal_05,train,/content/drive/MyDrive/CareWave_Round4_Reextract/final_split/pose/train/yena_stand_normal_05_pose.csv,/content/drive/MyDrive/CareWave_Round4_Reextract/features_315/train/yena_stand_normal_05_features_315.npz,/content/drive/MyDrive/CareWave_Round4_Reextract/synchronized_315/train/yena_stand_normal_05_synchronized_315.npz,128,127,127,128,127,99.21875,0.0008224511984735727,0.0016445271903648973,315,66,0.05407905578613281,completed,
yena_stand_normal_06,train,/content/drive/MyDrive/CareWave_Round4_Reextract/final_split/pose/train/yena_stand_normal_06_pose.csv,/content/drive/MyDrive/CareWave_Round4_Reextract/features_315/train/yena_stand_normal_06_features_315.npz,/content/drive/MyDrive/CareWave_Round4_Reextract/synchronized_315/train/yena_stand_normal_06_synchronized_315.npz,126,126,126,126,126,100.0,0.0008267193916253746,0.0016534391324967146,315,66,0.05258512496948242,completed,
yena_stand_normal_07,train,/content/drive/MyDrive/CareWave_Round4_Reextract/final_split/pose/train/yena_stand_normal_07_pose.csv,/content/drive/MyDrive/CareWave_Round4_Reextract/features_315/train/yena_stand_normal_07_features_315.npz,/content/drive/MyDrive/CareWave_Round4_Reextract/synchronized_315/train/yena_stand_normal_07_synchronized_315.npz,127,132,127,127,127,100.0,0.0008267684606835246,0.0016531618312001228,315,66,0.05150938034057617,completed,
yena_stand_normal_08,train,/content/drive/MyDrive/CareWave_Round4_Reextract/final_split/pose/train/yena_stand_normal_08_pose.csv,/content/drive/MyDrive/CareWave_Round4_Reextract/features_315/train/yena_stand_normal_08_features_315.npz,/content/drive/MyDrive/CareWave_Round4_Reextract/synchronized_315/train/yena_stand_normal_08_synchronized_315.npz,124,127,124,124,124,100.0,0.0008288377430289984,0.0016574912006035447,315,66,0.0663902759552002,completed,
yena_stand_normal_09,train,/content/drive/MyDrive/CareWave_Round4_Reextract/final_split/pose/train/yena_stand_normal_09_pose.csv,/content/drive/MyDrive/CareWave_Round4_Reextract/features_315/train/yena_stand_normal_09_features_315.npz,/content/drive/MyDrive/CareWave_Round4_Reextract/synchronized_315/train/yena_stand_normal_09_synchronized_315.npz,123,125,123,123,123,100.0,1.2869516297087102e-07,3.814697322468419e-07,315,66,0.04787397384643555,completed,
yena_stand_normal_10,train,/content/drive/MyDrive/CareWave_Round4_Reextract/final_split/pose/train/yena_stand_normal_10_pose.csv,/content/drive/MyDrive/CareWave_Round4_Reextract/features_315/train/yena_stand_normal_10_features_315.npz,/content/drive/MyDrive/CareWave_Round4_Reextract/synchronized_315/train/yena_stand_normal_10_synchronized_315.npz,122,125,122,122,122,100.0,0.0008287638192996383,0.0016571527812629938,315,66,0.048012733459472656,completed,
yena_stand_normal_11,train,/content/drive/MyDrive/CareWave_Round4_Reextract/final_split/pose/train/yena_stand_normal_11_pose.csv,/content/drive/MyDrive/CareWave_Round4_Reextract/features_315/train/yena_stand_normal_11_features_315.npz,/content/drive/MyDrive/CareWave_Round4_Reextract/synchronized_315/train/yena_stand_normal_11_synchronized_315.npz,124,127,124,124,124,100.0,0.0008266096701845527,0.0016530350549146533,315,66,0.0510716438293457,completed,
yena_walk_normal_01,train,/content/drive/MyDrive/CareWave_Round4_Reextract/final_split/pose/train/yena_walk_normal_01_pose.csv,/content/drive/MyDrive/CareWave_Round4_Reextract/features_315/train/yena_walk_normal_01_features_315.npz,/content/drive/MyDrive/CareWave_Round4_Reextract/synchronized_315/train/yena_walk_normal_01_synchronized_315.npz,1240,1230,1230,1240,1230,99.19354838709677,0.0033046517055481672,0.006607777904719114,315,66,0.22611141204833984,completed,
yena_walk_normal_02,train,/content/drive/MyDrive/CareWave_Round4_Reextract/final_split/pose/train/yena_walk_normal_02_pose.csv,/content/drive/MyDrive/CareWave_Round4_Reextract/features_315/train/yena_walk_normal_02_features_315.npz,/content/drive/MyDrive/CareWave_Round4_Reextract/synchronized_315/train/yena_walk_normal_02_synchronized_315.npz,134,135,134,134,134,100.0,0.0008271114202216268,0.0016540380893275142,315,66,0.05976390838623047,completed,
yena_walk_normal_03,train,/content/drive/MyDrive/CareWave_Round4_Reextract/final_split/pose/train/yena_walk_normal_03_pose.csv,/content/drive/MyDrive/CareWave_Round4_Reextract/features_315/train/yena_walk_normal_03_features_315.npz,/content/drive/MyDrive/CareWave_Round4_Reextract/synchronized_315/train/yena_walk_normal_03_synchronized_315.npz,125,125,125,125,125,100.0,0.0008310991106554866,0.0016625798307359219,315,66,0.05056142807006836,completed,
yena_walk_normal_04,train,/content/drive/MyDrive/CareWave_Round4_Reextract/final_split/pose/train/yena_walk_normal_04_pose.csv,/content/drive/MyDrive/CareWave_Round4_Reextract/features_315/train/yena_walk_normal_04_features_315.npz,/content/drive/MyDrive/CareWave_Round4_Reextract/synchronized_315/train/yena_walk_normal_04_synchronized_315.npz,130,131,130,130,130,100.0,0.0008311853744089603,0.001662752591073513,315,66,0.07043123245239258,completed,
yena_walk_normal_05,train,/content/drive/MyDrive/CareWave_Round4_Reextract/final_split/pose/train/yena_walk_normal_05_pose.csv,/content/drive/MyDrive/CareWave_Round4_Reextract/features_315/train/yena_walk_normal_05_features_315.npz,/content/drive/MyDrive/CareWave_Round4_Reextract/synchronized_315/train/yena_walk_normal_05_synchronized_315.npz,135,137,135,135,135,100.0,0.000827160372864455,0.0016547024715691805,315,66,0.060018301010131836,completed,
yena_walk_normal_06,train,/content/drive/MyDrive/CareWave_Round4_Reextract/final_split/pose/train/yena_walk_normal_06_pose.csv,/content/drive/MyDrive/CareWave_Round4_Reextract/features_315/train/yena_walk_normal_06_features_315.npz,/content/drive/MyDrive/CareWave_Round4_Reextract/synchronized_315/train/yena_walk_normal_06_synchronized_315.npz,133,133,133,133,133,100.0,0.000831232697237283,0.0016626592259854078,315,66,0.053112030029296875,completed,
yena_walk_normal_07,train,/content/drive/MyDrive/CareWave_Round4_Reextract/final_split/pose/train/yena_walk_normal_07_pose.csv,/content/drive/MyDrive/CareWave_Round4_Reextract/features_315/train/yena_walk_normal_07_features_315.npz,/content/drive/MyDrive/CareWave_Round4_Reextract/synchronized_315/train/yena_walk_normal_07_synchronized_315.npz,133,136,133,133,133,100.0,0.0008270660764537752,0.001654326100833714,315,66,0.04992318153381348,completed,
yena_walk_normal_08,train,/content/drive/MyDrive/CareWave_Round4_Reextract/final_split/pose/train/yena_walk_normal_08_pose.csv,/content/drive/MyDrive/CareWave_Round4_Reextract/features_315/train/yena_walk_normal_08_features_315.npz,/content/drive/MyDrive/CareWave_Round4_Reextract/synchronized_315/train/yena_walk_normal_08_synchronized_315.npz,126,132,126,126,126,100.0,0.0008289123070426285,0.0016578249633312225,315,66,0.054700374603271484,completed,
yena_walk_normal_09,train,/content/drive/MyDrive/CareWave_Round4_Reextract/final_split/pose/train/yena_walk_normal_09_pose.csv,/content/drive/MyDrive/CareWave_Round4_Reextract/features_315/train/yena_walk_normal_09_features_315.npz,/content/drive/MyDrive/CareWave_Round4_Reextract/synchronized_315/train/yena_walk_normal_09_synchronized_315.npz,135,137,135,135,135,100.0,0.000827160372864455,0.0016547024715691805,315,66,0.052670955657958984,completed,
yena_walk_normal_10,train,/content/drive/MyDrive/CareWave_Round4_Reextract/final_split/pose/train/yena_walk_normal_10_pose.csv,/content/drive/MyDrive/CareWave_Round4_Reextract/features_315/train/yena_walk_normal_10_features_315.npz,/content/drive/MyDrive/CareWave_Round4_Reextract/synchronized_315/train/yena_walk_normal_10_synchronized_315.npz,139,139,139,139,139,100.0,0.0008313224534504116,0.0016624599229544401,315,66,0.053545475006103516,completed,
yena_walk_normal_11,train,/content/drive/MyDrive/CareWave_Round4_Reextract/final_split/pose/train/yena_walk_normal_11_pose.csv,/content/drive/MyDrive/CareWave_Round4_Reextract/features_315/train/yena_walk_normal_11_features_315.npz,/content/drive/MyDrive/CareWave_Round4_Reextract/synchronized_315/train/yena_walk_normal_11_synchronized_315.npz,132,132,132,132,132,100.0,0.0008270171238109469,0.0016536589246243238,315,66,0.0739750862121582,completed,
yena_walk_normal_12,train,/content/drive/MyDrive/CareWave_Round4_Reextract/final_split/pose/train/yena_walk_normal_12_pose.csv,/content/drive/MyDrive/CareWave_Round4_Reextract/features_315/train/yena_walk_normal_12_features_315.npz,/content/drive/MyDrive/CareWave_Round4_Reextract/synchronized_315/train/yena_walk_normal_12_synchronized_315.npz,128,129,128,128,128,100.0,0.0008311501587741077,0.0016624943818897009,315,66,0.05788373947143555,completed,
yena_walk_normal_13,train,/content/drive/MyDrive/CareWave_Round4_Reextract/final_split/pose/train/yena_walk_normal_13_pose.csv,/content/drive/MyDrive/CareWave_Round4_Reextract/features_315/train/yena_walk_normal_13_features_315.npz,/content/drive/MyDrive/CareWave_Round4_Reextract/synchronized_315/train/yena_walk_normal_13_synchronized_315.npz,128,134,128,128,128,100.0,0.0008289800025522709,0.001658154185861349,315,66,0.05940413475036621,completed,
hoyeon_test_04,test,/content/drive/MyDrive/CareWave_Round4_Reextract/final_split/pose/test/hoyeon_test_04_pose.csv,/content/drive/MyDrive/CareWave_Round4_Reextract/features_315/test/hoyeon_test_04_features_315.npz,/content/drive/MyDrive/CareWave_Round4_Reextract/synchronized_315/test/hoyeon_test_04_synchronized_315.npz,1198,1201,1198,1198,1198,100.0,0.003330554813146591,0.006664153654128313,315,66,0.22603559494018555,completed,
sujin_test_03,test,/content/drive/MyDrive/CareWave_Round4_Reextract/final_split/pose/test/sujin_test_03_pose.csv,/content/drive/MyDrive/CareWave_Round4_Reextract/features_315/test/sujin_test_03_features_315.npz,/content/drive/MyDrive/CareWave_Round4_Reextract/synchronized_315/test/sujin_test_03_synchronized_315.npz,1200,1202,1200,1200,1200,100.0,0.0033314810134470463,0.006661436054855585,315,66,0.20317792892456055,completed,
yena_test_02,test,/content/drive/MyDrive/CareWave_Round4_Reextract/final_split/pose/test/yena_test_02_pose.csv,/content/drive/MyDrive/CareWave_Round4_Reextract/features_315/test/yena_test_02_features_315.npz,/content/drive/MyDrive/CareWave_Round4_Reextract/synchronized_315/test/yena_test_02_synchronized_315.npz,1197,1200,1197,1197,1197,100.0,0.003331477288156748,0.006664478685706854,315,66,0.2202286720275879,completed,
yena_test_03,test,/content/drive/MyDrive/CareWave_Round4_Reextract/final_split/pose/test/yena_test_03_pose.csv,/content/drive/MyDrive/CareWave_Round4_Reextract/features_315/test/yena_test_03_features_315.npz,/content/drive/MyDrive/CareWave_Round4_Reextract/synchronized_315/test/yena_test_03_synchronized_315.npz,1107,1087,1087,1107,1087,98.193315266486,0.016659000888466835,0.033334095031023026,315,66,0.20758914947509766,completed,
yena_test_04,test,/content/drive/MyDrive/CareWave_Round4_Reextract/final_split/pose/test/yena_test_04_pose.csv,/content/drive/MyDrive/CareWave_Round4_Reextract/features_315/test/yena_test_04_features_315.npz,/content/drive/MyDrive/CareWave_Round4_Reextract/synchronized_315/test/yena_test_04_synchronized_315.npz,100,102,100,100,100,100.0,0.01666666567325592,0.03333337977528572,315,66,0.04864192008972168,completed,
