sample_id,split,source_file,output_file,rows,feature_dim,pose_joints,feature_min,feature_max,pose_scale_min,pose_scale_max,status,error,processing_sec
hoyeon_fall_normal_01,train,/content/gdrive/MyDrive/CareWave_Round4_Reextract/synchronized_315/train/hoyeon_fall_normal_01_synchronized_315.npz,/content/gdrive/MyDrive/CareWave_Round4_Reextract/model_ready_315/train/hoyeon_fall_normal_01_model_ready.npz,1495,315,33,-4.268543243408203,6.3543195724487305,0.05000000074505806,0.4215036928653717,completed,,0.3307044506072998
hoyeon_free_activity_normal_01,train,/content/gdrive/MyDrive/CareWave_Round4_Reextract/synchronized_315/train/hoyeon_free_activity_normal_01_synchronized_315.npz,/content/gdrive/MyDrive/CareWave_Round4_Reextract/model_ready_315/train/hoyeon_free_activity_normal_01_model_ready.npz,1802,315,33,-4.44385290145874,6.942712783813477,0.07543548941612244,0.5686097741127014,completed,,0.3673095703125
hoyeon_sit_normal_01,train,/content/gdrive/MyDrive/CareWave_Round4_Reextract/synchronized_315/train/hoyeon_sit_normal_01_synchronized_315.npz,/content/gdrive/MyDrive/CareWave_Round4_Reextract/model_ready_315/train/hoyeon_sit_normal_01_model_ready.npz,1205,315,33,-4.200095176696777,5.238644599914551,0.2699865400791168,0.30969762802124023,completed,,0.22515463829040527
hoyeon_stand_normal_01,train,/content/gdrive/MyDrive/CareWave_Round4_Reextract/synchronized_315/train/hoyeon_stand_normal_01_synchronized_315.npz,/content/gdrive/MyDrive/CareWave_Round4_Reextract/model_ready_315/train/hoyeon_stand_normal_01_model_ready.npz,1210,315,33,-4.842448711395264,5.759888172149658,0.3404127359390259,0.39588508009910583,completed,,0.2115936279296875
hoyeon_walk_large_motion_01,train,/content/gdrive/MyDrive/CareWave_Round4_Reextract/synchronized_315/train/hoyeon_walk_large_motion_01_synchronized_315.npz,/content/gdrive/MyDrive/CareWave_Round4_Reextract/model_ready_315/train/hoyeon_walk_large_motion_01_model_ready.npz,1802,315,33,-5.660480976104736,7.235079288482666,0.3028477430343628,0.6219455003738403,completed,,0.2939882278442383
hoyeon_walk_normal_01,train,/content/gdrive/MyDrive/CareWave_Round4_Reextract/synchronized_315/train/hoyeon_walk_normal_01_synchronized_315.npz,/content/gdrive/MyDrive/CareWave_Round4_Reextract/model_ready_315/train/hoyeon_walk_normal_01_model_ready.npz,1206,315,33,-4.960689067840576,6.554830551147461,0.3062906563282013,0.6148634552955627,completed,,0.1527109146118164
sujin_bending_normal_02,train,/content/gdrive/MyDrive/CareWave_Round4_Reextract/synchronized_315/train/sujin_bending_normal_02_synchronized_315.npz,/content/gdrive/MyDrive/CareWave_Round4_Reextract/model_ready_315/train/sujin_bending_normal_02_model_ready.npz,1795,315,33,-2.831524610519409,4.38921594619751,0.05000000074505806,0.34536585211753845,completed,,0.22590994834899902
sujin_chair_sit_variation_01,train,/content/gdrive/MyDrive/CareWave_Round4_Reextract/synchronized_315/train/sujin_chair_sit_variation_01_synchronized_315.npz,/content/gdrive/MyDrive/CareWave_Round4_Reextract/model_ready_315/train/sujin_chair_sit_variation_01_model_ready.npz,1806,315,33,-2.341200113296509,4.872509479522705,0.20881287753582,0.35639825463294983,completed,,0.24648284912109375
sujin_chair_sit_variation_02,train,/content/gdrive/MyDrive/CareWave_Round4_Reextract/synchronized_315/train/sujin_chair_sit_variation_02_synchronized_315.npz,/content/gdrive/MyDrive/CareWave_Round4_Reextract/model_ready_315/train/sujin_chair_sit_variation_02_model_ready.npz,128,315,33,-3.188889980316162,6.753555774688721,0.25113752484321594,0.3632602393627167,completed,,0.031136035919189453
sujin_chair_sit_variation_03,train,/content/gdrive/MyDrive/CareWave_Round4_Reextract/synchronized_315/train/sujin_chair_sit_variation_03_synchronized_315.npz,/content/gdrive/MyDrive/CareWave_Round4_Reextract/model_ready_315/train/sujin_chair_sit_variation_03_model_ready.npz,131,315,33,-2.4811103343963623,5.381950378417969,0.2167816460132599,0.35879021883010864,completed,,0.0309145450592041
sujin_fall_normal_01,train,/content/gdrive/MyDrive/CareWave_Round4_Reextract/synchronized_315/train/sujin_fall_normal_01_synchronized_315.npz,/content/gdrive/MyDrive/CareWave_Round4_Reextract/model_ready_315/train/sujin_fall_normal_01_model_ready.npz,1796,315,33,-3.174687147140503,5.269968032836914,0.05000000074505806,0.3527202010154724,completed,,0.23125171661376953
sujin_fall_normal_02,train,/content/gdrive/MyDrive/CareWave_Round4_Reextract/synchronized_315/train/sujin_fall_normal_02_synchronized_315.npz,/content/gdrive/MyDrive/CareWave_Round4_Reextract/model_ready_315/train/sujin_fall_normal_02_model_ready.npz,1201,315,33,-2.832598924636841,4.299963474273682,0.10975100845098495,0.33713239431381226,completed,,0.153977632522583
sujin_fall_normal_03,train,/content/gdrive/MyDrive/CareWave_Round4_Reextract/synchronized_315/train/sujin_fall_normal_03_synchronized_315.npz,/content/gdrive/MyDrive/CareWave_Round4_Reextract/model_ready_315/train/sujin_fall_normal_03_model_ready.npz,125,315,33,-3.402754783630371,6.048582553863525,0.051497042179107666,0.33962205052375793,completed,,0.030605316162109375
sujin_fall_normal_06,train,/content/gdrive/MyDrive/CareWave_Round4_Reextract/synchronized_315/train/sujin_fall_normal_06_synchronized_315.npz,/content/gdrive/MyDrive/CareWave_Round4_Reextract/model_ready_315/train/sujin_fall_normal_06_model_ready.npz,127,315,33,-3.2063021659851074,6.711086750030518,0.15392297506332397,0.3371570110321045,completed,,0.03197836875915527
sujin_fall_normal_07,train,/content/gdrive/MyDrive/CareWave_Round4_Reextract/synchronized_315/train/sujin_fall_normal_07_synchronized_315.npz,/content/gdrive/MyDrive/CareWave_Round4_Reextract/model_ready_315/train/sujin_fall_normal_07_model_ready.npz,127,315,33,-3.2435903549194336,7.344635486602783,0.06640321016311646,0.3395053446292877,completed,,0.02941608428955078
sujin_fall_normal_08,train,/content/gdrive/MyDrive/CareWave_Round4_Reextract/synchronized_315/train/sujin_fall_normal_08_synchronized_315.npz,/content/gdrive/MyDrive/CareWave_Round4_Reextract/model_ready_315/train/sujin_fall_normal_08_model_ready.npz,126,315,33,-3.113816976547241,7.3933563232421875,0.11269183456897736,0.3489982783794403,completed,,0.029207229614257812
sujin_fall_normal_09,train,/content/gdrive/MyDrive/CareWave_Round4_Reextract/synchronized_315/train/sujin_fall_normal_09_synchronized_315.npz,/content/gdrive/MyDrive/CareWave_Round4_Reextract/model_ready_315/train/sujin_fall_normal_09_model_ready.npz,127,315,33,-3.13106632232666,5.248885631561279,0.06731445342302322,0.3463972806930542,completed,,0.03139948844909668
sujin_fall_normal_10,train,/content/gdrive/MyDrive/CareWave_Round4_Reextract/synchronized_315/train/sujin_fall_normal_10_synchronized_315.npz,/content/gdrive/MyDrive/CareWave_Round4_Reextract/model_ready_315/train/sujin_fall_normal_10_model_ready.npz,130,315,33,-2.9649600982666016,7.953666687011719,0.05000000074505806,0.3298049569129944,completed,,0.04288458824157715
sujin_fall_normal_11,train,/content/gdrive/MyDrive/CareWave_Round4_Reextract/synchronized_315/train/sujin_fall_normal_11_synchronized_315.npz,/content/gdrive/MyDrive/CareWave_Round4_Reextract/model_ready_315/train/sujin_fall_normal_11_model_ready.npz,126,315,33,-3.3979642391204834,5.499969005584717,0.05000000074505806,0.33762460947036743,completed,,0.02853846549987793
sujin_fall_normal_12,train,/content/gdrive/MyDrive/CareWave_Round4_Reextract/synchronized_315/train/sujin_fall_normal_12_synchronized_315.npz,/content/gdrive/MyDrive/CareWave_Round4_Reextract/model_ready_315/train/sujin_fall_normal_12_model_ready.npz,155,315,33,-2.8770413398742676,4.679720878601074,0.05000000074505806,0.3402211666107178,completed,,0.03518509864807129
sujin_fall_normal_13,train,/content/gdrive/MyDrive/CareWave_Round4_Reextract/synchronized_315/train/sujin_fall_normal_13_synchronized_315.npz,/content/gdrive/MyDrive/CareWave_Round4_Reextract/model_ready_315/train/sujin_fall_normal_13_model_ready.npz,128,315,33,-2.690347671508789,6.234838485717773,0.07027401775121689,0.33305981755256653,completed,,0.032172441482543945
sujin_fall_normal_14,train,/content/gdrive/MyDrive/CareWave_Round4_Reextract/synchronized_315/train/sujin_fall_normal_14_synchronized_315.npz,/content/gdrive/MyDrive/CareWave_Round4_Reextract/model_ready_315/train/sujin_fall_normal_14_model_ready.npz,128,315,33,-3.0544350147247314,5.7877936363220215,0.07624927908182144,0.34889504313468933,completed,,0.02994060516357422
sujin_fall_normal_15,train,/content/gdrive/MyDrive/CareWave_Round4_Reextract/synchronized_315/train/sujin_fall_normal_15_synchronized_315.npz,/content/gdrive/MyDrive/CareWave_Round4_Reextract/model_ready_315/train/sujin_fall_normal_15_model_ready.npz,127,315,33,-2.984862804412842,7.335453033447266,0.07368911057710648,0.3357713520526886,completed,,0.03332948684692383
sujin_fall_normal_16,train,/content/gdrive/MyDrive/CareWave_Round4_Reextract/synchronized_315/train/sujin_fall_normal_16_synchronized_315.npz,/content/gdrive/MyDrive/CareWave_Round4_Reextract/model_ready_315/train/sujin_fall_normal_16_model_ready.npz,126,315,33,-3.724708318710327,8.177509307861328,0.0569671168923378,0.34897494316101074,completed,,0.0303952693939209
sujin_fall_stay_down_01,train,/content/gdrive/MyDrive/CareWave_Round4_Reextract/synchronized_315/train/sujin_fall_stay_down_01_synchronized_315.npz,/content/gdrive/MyDrive/CareWave_Round4_Reextract/model_ready_315/train/sujin_fall_stay_down_01_model_ready.npz,1810,315,33,-3.5890910625457764,6.580527305603027,0.05000000074505806,0.35818323493003845,completed,,0.23063969612121582
sujin_fall_stay_down_02,train,/content/gdrive/MyDrive/CareWave_Round4_Reextract/synchronized_315/train/sujin_fall_stay_down_02_synchronized_315.npz,/content/gdrive/MyDrive/CareWave_Round4_Reextract/model_ready_315/train/sujin_fall_stay_down_02_model_ready.npz,108,315,33,-3.006669282913208,6.162594795227051,0.06343768537044525,0.3271576464176178,completed,,0.02906489372253418
sujin_fall_stay_down_05,train,/content/gdrive/MyDrive/CareWave_Round4_Reextract/synchronized_315/train/sujin_fall_stay_down_05_synchronized_315.npz,/content/gdrive/MyDrive/CareWave_Round4_Reextract/model_ready_315/train/sujin_fall_stay_down_05_model_ready.npz,99,315,33,-3.1326169967651367,6.273591995239258,0.13062727451324463,0.3418654799461365,completed,,0.02599310874938965
sujin_free_activity_03,train,/content/gdrive/MyDrive/CareWave_Round4_Reextract/synchronized_315/train/sujin_free_activity_03_synchronized_315.npz,/content/gdrive/MyDrive/CareWave_Round4_Reextract/model_ready_315/train/sujin_free_activity_03_model_ready.npz,2997,315,33,-3.3385751247406006,5.358221054077148,0.20707063376903534,0.4342602491378784,completed,,0.3678154945373535
sujin_free_activity_normal_02,train,/content/gdrive/MyDrive/CareWave_Round4_Reextract/synchronized_315/train/sujin_free_activity_normal_02_synchronized_315.npz,/content/gdrive/MyDrive/CareWave_Round4_Reextract/model_ready_315/train/sujin_free_activity_normal_02_model_ready.npz,3004,315,33,-2.859189033508301,3.8166491985321045,0.2461116462945938,0.6984438896179199,completed,,0.36156344413757324
sujin_lie_down_normal_01,train,/content/gdrive/MyDrive/CareWave_Round4_Reextract/synchronized_315/train/sujin_lie_down_normal_01_synchronized_315.npz,/content/gdrive/MyDrive/CareWave_Round4_Reextract/model_ready_315/train/sujin_lie_down_normal_01_model_ready.npz,1792,315,33,-3.3298513889312744,5.683691501617432,0.20688875019550323,0.2667454779148102,completed,,0.2198781967163086
sujin_pick_up_normal_02,train,/content/gdrive/MyDrive/CareWave_Round4_Reextract/synchronized_315/train/sujin_pick_up_normal_02_synchronized_315.npz,/content/gdrive/MyDrive/CareWave_Round4_Reextract/model_ready_315/train/sujin_pick_up_normal_02_model_ready.npz,1798,315,33,-2.6808619499206543,3.7154953479766846,0.05000000074505806,0.3290322422981262,completed,,0.23350071907043457
sujin_pick_up_normal_03,train,/content/gdrive/MyDrive/CareWave_Round4_Reextract/synchronized_315/train/sujin_pick_up_normal_03_synchronized_315.npz,/content/gdrive/MyDrive/CareWave_Round4_Reextract/model_ready_315/train/sujin_pick_up_normal_03_model_ready.npz,130,315,33,-2.61043381690979,6.990809440612793,0.055999014526605606,0.33253005146980286,completed,,0.035469770431518555
sujin_pick_up_normal_04,train,/content/gdrive/MyDrive/CareWave_Round4_Reextract/synchronized_315/train/sujin_pick_up_normal_04_synchronized_315.npz,/content/gdrive/MyDrive/CareWave_Round4_Reextract/model_ready_315/train/sujin_pick_up_normal_04_model_ready.npz,126,315,33,-2.990006685256958,6.643491744995117,0.05224921926856041,0.3349878489971161,completed,,0.03054356575012207
sujin_pick_up_normal_05,train,/content/gdrive/MyDrive/CareWave_Round4_Reextract/synchronized_315/train/sujin_pick_up_normal_05_synchronized_315.npz,/content/gdrive/MyDrive/CareWave_Round4_Reextract/model_ready_315/train/sujin_pick_up_normal_05_model_ready.npz,126,315,33,-2.565196990966797,6.389984607696533,0.0526905357837677,0.3198167383670807,completed,,0.029880523681640625
sujin_pick_up_normal_06,train,/content/gdrive/MyDrive/CareWave_Round4_Reextract/synchronized_315/train/sujin_pick_up_normal_06_synchronized_315.npz,/content/gdrive/MyDrive/CareWave_Round4_Reextract/model_ready_315/train/sujin_pick_up_normal_06_model_ready.npz,129,315,33,-2.761707067489624,6.852202892303467,0.19583451747894287,0.3222852945327759,completed,,0.030792951583862305
sujin_pick_up_normal_07,train,/content/gdrive/MyDrive/CareWave_Round4_Reextract/synchronized_315/train/sujin_pick_up_normal_07_synchronized_315.npz,/content/gdrive/MyDrive/CareWave_Round4_Reextract/model_ready_315/train/sujin_pick_up_normal_07_model_ready.npz,133,315,33,-3.1945130825042725,6.357719898223877,0.169086292386055,0.3508044481277466,completed,,0.030297279357910156
sujin_pick_up_normal_08,train,/content/gdrive/MyDrive/CareWave_Round4_Reextract/synchronized_315/train/sujin_pick_up_normal_08_synchronized_315.npz,/content/gdrive/MyDrive/CareWave_Round4_Reextract/model_ready_315/train/sujin_pick_up_normal_08_model_ready.npz,129,315,33,-2.7687060832977295,6.652259349822998,0.05738033354282379,0.3306375741958618,completed,,0.030734539031982422
sujin_pick_up_normal_09,train,/content/gdrive/MyDrive/CareWave_Round4_Reextract/synchronized_315/train/sujin_pick_up_normal_09_synchronized_315.npz,/content/gdrive/MyDrive/CareWave_Round4_Reextract/model_ready_315/train/sujin_pick_up_normal_09_model_ready.npz,127,315,33,-2.732006549835205,6.906280994415283,0.05000000074505806,0.3378681540489197,completed,,0.042151451110839844
sujin_pick_up_normal_10,train,/content/gdrive/MyDrive/CareWave_Round4_Reextract/synchronized_315/train/sujin_pick_up_normal_10_synchronized_315.npz,/content/gdrive/MyDrive/CareWave_Round4_Reextract/model_ready_315/train/sujin_pick_up_normal_10_model_ready.npz,123,315,33,-2.837595224380493,6.2817230224609375,0.07543575018644333,0.37377333641052246,completed,,0.02775263786315918
sujin_pick_up_normal_11,train,/content/gdrive/MyDrive/CareWave_Round4_Reextract/synchronized_315/train/sujin_pick_up_normal_11_synchronized_315.npz,/content/gdrive/MyDrive/CareWave_Round4_Reextract/model_ready_315/train/sujin_pick_up_normal_11_model_ready.npz,129,315,33,-3.1675870418548584,8.302143096923828,0.07556960731744766,0.32069724798202515,completed,,0.029506921768188477
sujin_pick_up_variation_01,train,/content/gdrive/MyDrive/CareWave_Round4_Reextract/synchronized_315/train/sujin_pick_up_variation_01_synchronized_315.npz,/content/gdrive/MyDrive/CareWave_Round4_Reextract/model_ready_315/train/sujin_pick_up_variation_01_model_ready.npz,1802,315,33,-2.6628737449645996,5.747859954833984,0.05000000074505806,0.35547855496406555,completed,,0.22316670417785645
sujin_pick_up_variation_02,train,/content/gdrive/MyDrive/CareWave_Round4_Reextract/synchronized_315/train/sujin_pick_up_variation_02_synchronized_315.npz,/content/gdrive/MyDrive/CareWave_Round4_Reextract/model_ready_315/train/sujin_pick_up_variation_02_model_ready.npz,129,315,33,-3.2195873260498047,8.357385635375977,0.06145358085632324,0.34765225648880005,completed,,0.03188347816467285
sujin_pick_up_variation_03,train,/content/gdrive/MyDrive/CareWave_Round4_Reextract/synchronized_315/train/sujin_pick_up_variation_03_synchronized_315.npz,/content/gdrive/MyDrive/CareWave_Round4_Reextract/model_ready_315/train/sujin_pick_up_variation_03_model_ready.npz,128,315,33,-3.6526992321014404,5.586270809173584,0.05455416068434715,0.3285888135433197,completed,,0.028493642807006836
sujin_pick_up_variation_04,train,/content/gdrive/MyDrive/CareWave_Round4_Reextract/synchronized_315/train/sujin_pick_up_variation_04_synchronized_315.npz,/content/gdrive/MyDrive/CareWave_Round4_Reextract/model_ready_315/train/sujin_pick_up_variation_04_model_ready.npz,127,315,33,-3.3170881271362305,6.517512321472168,0.052035894244909286,0.3149884343147278,completed,,0.03031778335571289
sujin_pick_up_variation_05,train,/content/gdrive/MyDrive/CareWave_Round4_Reextract/synchronized_315/train/sujin_pick_up_variation_05_synchronized_315.npz,/content/gdrive/MyDrive/CareWave_Round4_Reextract/model_ready_315/train/sujin_pick_up_variation_05_model_ready.npz,126,315,33,-3.06771183013916,5.203464031219482,0.1044827252626419,0.31721362471580505,completed,,0.030069589614868164
sujin_sit_normal_01,train,/content/gdrive/MyDrive/CareWave_Round4_Reextract/synchronized_315/train/sujin_sit_normal_01_synchronized_315.npz,/content/gdrive/MyDrive/CareWave_Round4_Reextract/model_ready_315/train/sujin_sit_normal_01_model_ready.npz,1216,315,33,-2.622689962387085,4.4297919273376465,0.2766369581222534,0.35077381134033203,completed,,0.152512788772583
sujin_sit_normal_03,train,/content/gdrive/MyDrive/CareWave_Round4_Reextract/synchronized_315/train/sujin_sit_normal_03_synchronized_315.npz,/content/gdrive/MyDrive/CareWave_Round4_Reextract/model_ready_315/train/sujin_sit_normal_03_model_ready.npz,128,315,33,-3.2227654457092285,6.529837608337402,0.16362714767456055,0.32596656680107117,completed,,0.02964615821838379
sujin_sit_normal_04,train,/content/gdrive/MyDrive/CareWave_Round4_Reextract/synchronized_315/train/sujin_sit_normal_04_synchronized_315.npz,/content/gdrive/MyDrive/CareWave_Round4_Reextract/model_ready_315/train/sujin_sit_normal_04_model_ready.npz,139,315,33,-3.466076612472534,7.534270286560059,0.1793922632932663,0.33988651633262634,completed,,0.029526233673095703
sujin_sit_normal_05,train,/content/gdrive/MyDrive/CareWave_Round4_Reextract/synchronized_315/train/sujin_sit_normal_05_synchronized_315.npz,/content/gdrive/MyDrive/CareWave_Round4_Reextract/model_ready_315/train/sujin_sit_normal_05_model_ready.npz,127,315,33,-3.796717643737793,7.108948707580566,0.152927428483963,0.34197917580604553,completed,,0.02738809585571289
sujin_sit_normal_06,train,/content/gdrive/MyDrive/CareWave_Round4_Reextract/synchronized_315/train/sujin_sit_normal_06_synchronized_315.npz,/content/gdrive/MyDrive/CareWave_Round4_Reextract/model_ready_315/train/sujin_sit_normal_06_model_ready.npz,129,315,33,-3.3298513889312744,7.432844161987305,0.25978612899780273,0.3510901629924774,completed,,0.02833414077758789
sujin_sit_normal_07,train,/content/gdrive/MyDrive/CareWave_Round4_Reextract/synchronized_315/train/sujin_sit_normal_07_synchronized_315.npz,/content/gdrive/MyDrive/CareWave_Round4_Reextract/model_ready_315/train/sujin_sit_normal_07_model_ready.npz,126,315,33,-3.2195873260498047,6.883877754211426,0.25049182772636414,0.35096219182014465,completed,,0.03064131736755371
sujin_sit_normal_08,train,/content/gdrive/MyDrive/CareWave_Round4_Reextract/synchronized_315/train/sujin_sit_normal_08_synchronized_315.npz,/content/gdrive/MyDrive/CareWave_Round4_Reextract/model_ready_315/train/sujin_sit_normal_08_model_ready.npz,126,315,33,-3.0877280235290527,6.150155544281006,0.2925664484500885,0.4214279055595398,completed,,0.030742406845092773
sujin_sit_normal_09,train,/content/gdrive/MyDrive/CareWave_Round4_Reextract/synchronized_315/train/sujin_sit_normal_09_synchronized_315.npz,/content/gdrive/MyDrive/CareWave_Round4_Reextract/model_ready_315/train/sujin_sit_normal_09_model_ready.npz,129,315,33,-2.906986713409424,5.851083755493164,0.059292975813150406,0.3253379166126251,completed,,0.033571720123291016
sujin_sit_to_stand_normal_01,train,/content/gdrive/MyDrive/CareWave_Round4_Reextract/synchronized_315/train/sujin_sit_to_stand_normal_01_synchronized_315.npz,/content/gdrive/MyDrive/CareWave_Round4_Reextract/model_ready_315/train/sujin_sit_to_stand_normal_01_model_ready.npz,1805,315,33,-3.38470196723938,7.906591892242432,0.130903422832489,0.38836240768432617,completed,,0.23178386688232422
sujin_sit_to_stand_normal_03,train,/content/gdrive/MyDrive/CareWave_Round4_Reextract/synchronized_315/train/sujin_sit_to_stand_normal_03_synchronized_315.npz,/content/gdrive/MyDrive/CareWave_Round4_Reextract/model_ready_315/train/sujin_sit_to_stand_normal_03_model_ready.npz,130,315,33,-3.466076612472534,6.540740013122559,0.24995484948158264,0.36957624554634094,completed,,0.030773162841796875
sujin_sit_to_stand_normal_04,train,/content/gdrive/MyDrive/CareWave_Round4_Reextract/synchronized_315/train/sujin_sit_to_stand_normal_04_synchronized_315.npz,/content/gdrive/MyDrive/CareWave_Round4_Reextract/model_ready_315/train/sujin_sit_to_stand_normal_04_model_ready.npz,126,315,33,-3.5558247566223145,7.5247907638549805,0.15143471956253052,0.3716636598110199,completed,,0.02766275405883789
sujin_sit_to_stand_normal_05,train,/content/gdrive/MyDrive/CareWave_Round4_Reextract/synchronized_315/train/sujin_sit_to_stand_normal_05_synchronized_315.npz,/content/gdrive/MyDrive/CareWave_Round4_Reextract/model_ready_315/train/sujin_sit_to_stand_normal_05_model_ready.npz,127,315,33,-2.366337537765503,5.387972831726074,0.2171446979045868,0.3652231693267822,completed,,0.26323866844177246
sujin_stand_normal_01,train,/content/gdrive/MyDrive/CareWave_Round4_Reextract/synchronized_315/train/sujin_stand_normal_01_synchronized_315.npz,/content/gdrive/MyDrive/CareWave_Round4_Reextract/model_ready_315/train/sujin_stand_normal_01_model_ready.npz,1206,315,33,-3.9465556144714355,7.341345310211182,0.3750098645687103,0.446426659822464,completed,,0.1575603485107422
sujin_stand_normal_02,train,/content/gdrive/MyDrive/CareWave_Round4_Reextract/synchronized_315/train/sujin_stand_normal_02_synchronized_315.npz,/content/gdrive/MyDrive/CareWave_Round4_Reextract/model_ready_315/train/sujin_stand_normal_02_model_ready.npz,603,315,33,-2.4908692836761475,3.1450603008270264,0.3035503029823303,0.3165745437145233,completed,,0.09062004089355469
sujin_stand_normal_03,train,/content/gdrive/MyDrive/CareWave_Round4_Reextract/synchronized_315/train/sujin_stand_normal_03_synchronized_315.npz,/content/gdrive/MyDrive/CareWave_Round4_Reextract/model_ready_315/train/sujin_stand_normal_03_model_ready.npz,131,315,33,-2.6650125980377197,7.073151588439941,0.30477285385131836,0.32823100686073303,completed,,0.03181886672973633
sujin_stand_normal_04,train,/content/gdrive/MyDrive/CareWave_Round4_Reextract/synchronized_315/train/sujin_stand_normal_04_synchronized_315.npz,/content/gdrive/MyDrive/CareWave_Round4_Reextract/model_ready_315/train/sujin_stand_normal_04_model_ready.npz,126,315,33,-2.7511825561523438,8.289079666137695,0.3011091351509094,0.3582419753074646,completed,,0.028691530227661133
sujin_stand_normal_05,train,/content/gdrive/MyDrive/CareWave_Round4_Reextract/synchronized_315/train/sujin_stand_normal_05_synchronized_315.npz,/content/gdrive/MyDrive/CareWave_Round4_Reextract/model_ready_315/train/sujin_stand_normal_05_model_ready.npz,131,315,33,-3.139348030090332,6.191045761108398,0.29997414350509644,0.3477829396724701,completed,,0.03034496307373047
sujin_stand_normal_07,train,/content/gdrive/MyDrive/CareWave_Round4_Reextract/synchronized_315/train/sujin_stand_normal_07_synchronized_315.npz,/content/gdrive/MyDrive/CareWave_Round4_Reextract/model_ready_315/train/sujin_stand_normal_07_model_ready.npz,128,315,33,-2.323695659637451,5.033788204193115,0.31591495871543884,0.3288685083389282,completed,,0.03305935859680176
sujin_stand_normal_08,train,/content/gdrive/MyDrive/CareWave_Round4_Reextract/synchronized_315/train/sujin_stand_normal_08_synchronized_315.npz,/content/gdrive/MyDrive/CareWave_Round4_Reextract/model_ready_315/train/sujin_stand_normal_08_model_ready.npz,128,315,33,-2.950176239013672,5.921659469604492,0.34333470463752747,0.36958402395248413,completed,,0.03347373008728027
sujin_stand_normal_09,train,/content/gdrive/MyDrive/CareWave_Round4_Reextract/synchronized_315/train/sujin_stand_normal_09_synchronized_315.npz,/content/gdrive/MyDrive/CareWave_Round4_Reextract/model_ready_315/train/sujin_stand_normal_09_model_ready.npz,127,315,33,-3.3572239875793457,6.395358562469482,0.2571132481098175,0.27294570207595825,completed,,0.03084254264831543
sujin_stand_normal_10,train,/content/gdrive/MyDrive/CareWave_Round4_Reextract/synchronized_315/train/sujin_stand_normal_10_synchronized_315.npz,/content/gdrive/MyDrive/CareWave_Round4_Reextract/model_ready_315/train/sujin_stand_normal_10_model_ready.npz,128,315,33,-3.026989698410034,5.127984523773193,0.30635127425193787,0.33739590644836426,completed,,0.03056812286376953
sujin_stand_normal_11,train,/content/gdrive/MyDrive/CareWave_Round4_Reextract/synchronized_315/train/sujin_stand_normal_11_synchronized_315.npz,/content/gdrive/MyDrive/CareWave_Round4_Reextract/model_ready_315/train/sujin_stand_normal_11_model_ready.npz,130,315,33,-2.4729115962982178,6.34496545791626,0.3272150456905365,0.37474682927131653,completed,,0.030564308166503906
sujin_stand_normal_12,train,/content/gdrive/MyDrive/CareWave_Round4_Reextract/synchronized_315/train/sujin_stand_normal_12_synchronized_315.npz,/content/gdrive/MyDrive/CareWave_Round4_Reextract/model_ready_315/train/sujin_stand_normal_12_model_ready.npz,130,315,33,-3.1382298469543457,8.644408226013184,0.32434141635894775,0.34051311016082764,completed,,0.03470444679260254
sujin_walk_normal_01,train,/content/gdrive/MyDrive/CareWave_Round4_Reextract/synchronized_315/train/sujin_walk_normal_01_synchronized_315.npz,/content/gdrive/MyDrive/CareWave_Round4_Reextract/model_ready_315/train/sujin_walk_normal_01_model_ready.npz,1205,315,33,-3.3880250453948975,7.956026077270508,0.28954485058784485,0.6309035420417786,completed,,0.15332794189453125
sujin_walk_normal_02,train,/content/gdrive/MyDrive/CareWave_Round4_Reextract/synchronized_315/train/sujin_walk_normal_02_synchronized_315.npz,/content/gdrive/MyDrive/CareWave_Round4_Reextract/model_ready_315/train/sujin_walk_normal_02_model_ready.npz,125,315,33,-3.724708318710327,6.389261245727539,0.31993159651756287,0.3667037785053253,completed,,0.03170323371887207
sujin_walk_normal_03,train,/content/gdrive/MyDrive/CareWave_Round4_Reextract/synchronized_315/train/sujin_walk_normal_03_synchronized_315.npz,/content/gdrive/MyDrive/CareWave_Round4_Reextract/model_ready_315/train/sujin_walk_normal_03_model_ready.npz,128,315,33,-4.0708417892456055,5.801743507385254,0.2971173822879791,0.41642019152641296,completed,,0.030994653701782227
sujin_walk_normal_04,train,/content/gdrive/MyDrive/CareWave_Round4_Reextract/synchronized_315/train/sujin_walk_normal_04_synchronized_315.npz,/content/gdrive/MyDrive/CareWave_Round4_Reextract/model_ready_315/train/sujin_walk_normal_04_model_ready.npz,129,315,33,-3.9674439430236816,6.170569896697998,0.24803659319877625,0.5006009340286255,completed,,0.029933691024780273
sujin_walk_normal_05,train,/content/gdrive/MyDrive/CareWave_Round4_Reextract/synchronized_315/train/sujin_walk_normal_05_synchronized_315.npz,/content/gdrive/MyDrive/CareWave_Round4_Reextract/model_ready_315/train/sujin_walk_normal_05_model_ready.npz,128,315,33,-6.428769588470459,7.362943649291992,0.26359033584594727,0.3957764208316803,completed,,0.029472827911376953
sujin_walk_normal_08,train,/content/gdrive/MyDrive/CareWave_Round4_Reextract/synchronized_315/train/sujin_walk_normal_08_synchronized_315.npz,/content/gdrive/MyDrive/CareWave_Round4_Reextract/model_ready_315/train/sujin_walk_normal_08_model_ready.npz,122,315,33,-2.7209832668304443,7.422542095184326,0.2552385628223419,0.4255779981613159,completed,,0.02780008316040039
sujin_walk_normal_09,train,/content/gdrive/MyDrive/CareWave_Round4_Reextract/synchronized_315/train/sujin_walk_normal_09_synchronized_315.npz,/content/gdrive/MyDrive/CareWave_Round4_Reextract/model_ready_315/train/sujin_walk_normal_09_model_ready.npz,127,315,33,-3.631397008895874,6.403541088104248,0.2648095488548279,0.3893347680568695,completed,,0.030577659606933594
sujin_walk_normal_10,train,/content/gdrive/MyDrive/CareWave_Round4_Reextract/synchronized_315/train/sujin_walk_normal_10_synchronized_315.npz,/content/gdrive/MyDrive/CareWave_Round4_Reextract/model_ready_315/train/sujin_walk_normal_10_model_ready.npz,129,315,33,-3.0877280235290527,5.515423774719238,0.2545357644557953,0.4933769404888153,completed,,0.03233838081359863
sujin_walk_normal_11,train,/content/gdrive/MyDrive/CareWave_Round4_Reextract/synchronized_315/train/sujin_walk_normal_11_synchronized_315.npz,/content/gdrive/MyDrive/CareWave_Round4_Reextract/model_ready_315/train/sujin_walk_normal_11_model_ready.npz,127,315,33,-4.282602310180664,5.92622709274292,0.2504521608352661,0.40378832817077637,completed,,0.031108856201171875
sujin_walk_normal_12,train,/content/gdrive/MyDrive/CareWave_Round4_Reextract/synchronized_315/train/sujin_walk_normal_12_synchronized_315.npz,/content/gdrive/MyDrive/CareWave_Round4_Reextract/model_ready_315/train/sujin_walk_normal_12_model_ready.npz,128,315,33,-3.2278666496276855,8.027626991271973,0.26105189323425293,0.46390119194984436,completed,,0.032552242279052734
yena_arm_move_normal_01,train,/content/gdrive/MyDrive/CareWave_Round4_Reextract/synchronized_315/train/yena_arm_move_normal_01_synchronized_315.npz,/content/gdrive/MyDrive/CareWave_Round4_Reextract/model_ready_315/train/yena_arm_move_normal_01_model_ready.npz,1813,315,33,-4.6434006690979,7.556613445281982,0.33781862258911133,0.41811898350715637,completed,,0.23815178871154785
yena_chair_sit_variation_02,train,/content/gdrive/MyDrive/CareWave_Round4_Reextract/synchronized_315/train/yena_chair_sit_variation_02_synchronized_315.npz,/content/gdrive/MyDrive/CareWave_Round4_Reextract/model_ready_315/train/yena_chair_sit_variation_02_model_ready.npz,125,315,33,-4.06077241897583,10.0,0.26857584714889526,0.44128674268722534,completed,,0.03147315979003906
yena_chair_sit_variation_03,train,/content/gdrive/MyDrive/CareWave_Round4_Reextract/synchronized_315/train/yena_chair_sit_variation_03_synchronized_315.npz,/content/gdrive/MyDrive/CareWave_Round4_Reextract/model_ready_315/train/yena_chair_sit_variation_03_model_ready.npz,129,315,33,-3.792515993118286,8.827665328979492,0.31422558426856995,0.4387962222099304,completed,,0.02990245819091797
yena_fall_normal_0,train,/content/gdrive/MyDrive/CareWave_Round4_Reextract/synchronized_315/train/yena_fall_normal_0_synchronized_315.npz,/content/gdrive/MyDrive/CareWave_Round4_Reextract/model_ready_315/train/yena_fall_normal_0_model_ready.npz,1203,315,33,-2.7807939052581787,4.030935764312744,0.12573188543319702,0.41205963492393494,completed,,0.14893555641174316
yena_fall_normal_01,train,/content/gdrive/MyDrive/CareWave_Round4_Reextract/synchronized_315/train/yena_fall_normal_01_synchronized_315.npz,/content/gdrive/MyDrive/CareWave_Round4_Reextract/model_ready_315/train/yena_fall_normal_01_model_ready.npz,1802,315,33,-5.697145462036133,5.832809925079346,0.05000000074505806,0.4292149543762207,completed,,0.22684192657470703
yena_fall_normal_02,train,/content/gdrive/MyDrive/CareWave_Round4_Reextract/synchronized_315/train/yena_fall_normal_02_synchronized_315.npz,/content/gdrive/MyDrive/CareWave_Round4_Reextract/model_ready_315/train/yena_fall_normal_02_model_ready.npz,1802,315,33,-2.363023042678833,3.6588540077209473,0.07323798537254333,0.41318392753601074,completed,,0.22546887397766113
yena_fall_normal_04,train,/content/gdrive/MyDrive/CareWave_Round4_Reextract/synchronized_315/train/yena_fall_normal_04_synchronized_315.npz,/content/gdrive/MyDrive/CareWave_Round4_Reextract/model_ready_315/train/yena_fall_normal_04_model_ready.npz,130,315,33,-4.306625843048096,8.622428894042969,0.06926310807466507,0.44426146149635315,completed,,0.029949665069580078
yena_fall_normal_05,train,/content/gdrive/MyDrive/CareWave_Round4_Reextract/synchronized_315/train/yena_fall_normal_05_synchronized_315.npz,/content/gdrive/MyDrive/CareWave_Round4_Reextract/model_ready_315/train/yena_fall_normal_05_model_ready.npz,125,315,33,-4.26518440246582,8.630732536315918,0.17060868442058563,0.4458368122577667,completed,,0.029225587844848633
yena_fall_normal_06,train,/content/gdrive/MyDrive/CareWave_Round4_Reextract/synchronized_315/train/yena_fall_normal_06_synchronized_315.npz,/content/gdrive/MyDrive/CareWave_Round4_Reextract/model_ready_315/train/yena_fall_normal_06_model_ready.npz,123,315,33,-3.419130802154541,8.710447311401367,0.1628829538822174,0.42117342352867126,completed,,0.03326106071472168
yena_fall_normal_07,train,/content/gdrive/MyDrive/CareWave_Round4_Reextract/synchronized_315/train/yena_fall_normal_07_synchronized_315.npz,/content/gdrive/MyDrive/CareWave_Round4_Reextract/model_ready_315/train/yena_fall_normal_07_model_ready.npz,127,315,33,-3.6922760009765625,9.5824556350708,0.13856355845928192,0.4174765348434448,completed,,0.030571460723876953
yena_fall_normal_09,train,/content/gdrive/MyDrive/CareWave_Round4_Reextract/synchronized_315/train/yena_fall_normal_09_synchronized_315.npz,/content/gdrive/MyDrive/CareWave_Round4_Reextract/model_ready_315/train/yena_fall_normal_09_model_ready.npz,123,315,33,-3.29632830619812,8.802298545837402,0.17145302891731262,0.43318697810173035,completed,,0.031426429748535156
yena_fall_normal_10,train,/content/gdrive/MyDrive/CareWave_Round4_Reextract/synchronized_315/train/yena_fall_normal_10_synchronized_315.npz,/content/gdrive/MyDrive/CareWave_Round4_Reextract/model_ready_315/train/yena_fall_normal_10_model_ready.npz,123,315,33,-4.176443576812744,8.865618705749512,0.12237343192100525,0.43048179149627686,completed,,0.02843165397644043
yena_fall_normal_11,train,/content/gdrive/MyDrive/CareWave_Round4_Reextract/synchronized_315/train/yena_fall_normal_11_synchronized_315.npz,/content/gdrive/MyDrive/CareWave_Round4_Reextract/model_ready_315/train/yena_fall_normal_11_model_ready.npz,135,315,33,-3.8362627029418945,9.1990327835083,0.13511832058429718,0.4600152373313904,completed,,0.03204512596130371
yena_fall_normal_13,train,/content/gdrive/MyDrive/CareWave_Round4_Reextract/synchronized_315/train/yena_fall_normal_13_synchronized_315.npz,/content/gdrive/MyDrive/CareWave_Round4_Reextract/model_ready_315/train/yena_fall_normal_13_model_ready.npz,125,315,33,-3.861626625061035,8.695340156555176,0.10108944773674011,0.4527631402015686,completed,,0.030027151107788086
yena_fall_normal_15,train,/content/gdrive/MyDrive/CareWave_Round4_Reextract/synchronized_315/train/yena_fall_normal_15_synchronized_315.npz,/content/gdrive/MyDrive/CareWave_Round4_Reextract/model_ready_315/train/yena_fall_normal_15_model_ready.npz,123,315,33,-4.286139011383057,9.256924629211426,0.10761670768260956,0.45190635323524475,completed,,0.027060985565185547
yena_fall_normal_16,train,/content/gdrive/MyDrive/CareWave_Round4_Reextract/synchronized_315/train/yena_fall_normal_16_synchronized_315.npz,/content/gdrive/MyDrive/CareWave_Round4_Reextract/model_ready_315/train/yena_fall_normal_16_model_ready.npz,121,315,33,-3.6802115440368652,10.0,0.1122896745800972,0.45700711011886597,completed,,0.027300119400024414
yena_fall_normal_17,train,/content/gdrive/MyDrive/CareWave_Round4_Reextract/synchronized_315/train/yena_fall_normal_17_synchronized_315.npz,/content/gdrive/MyDrive/CareWave_Round4_Reextract/model_ready_315/train/yena_fall_normal_17_model_ready.npz,126,315,33,-3.229532241821289,8.458457946777344,0.07521285116672516,0.44071587920188904,completed,,0.02858114242553711
yena_fall_stay_down_01,train,/content/gdrive/MyDrive/CareWave_Round4_Reextract/synchronized_315/train/yena_fall_stay_down_01_synchronized_315.npz,/content/gdrive/MyDrive/CareWave_Round4_Reextract/model_ready_315/train/yena_fall_stay_down_01_model_ready.npz,1804,315,33,-2.815297842025757,4.509838104248047,0.054263241589069366,0.4030703008174896,completed,,0.21247053146362305
yena_fall_stay_down_02,train,/content/gdrive/MyDrive/CareWave_Round4_Reextract/synchronized_315/train/yena_fall_stay_down_02_synchronized_315.npz,/content/gdrive/MyDrive/CareWave_Round4_Reextract/model_ready_315/train/yena_fall_stay_down_02_model_ready.npz,130,315,33,-3.836919069290161,9.074716567993164,0.07343333959579468,0.4002494812011719,completed,,0.031136274337768555
yena_fall_stay_down_03,train,/content/gdrive/MyDrive/CareWave_Round4_Reextract/synchronized_315/train/yena_fall_stay_down_03_synchronized_315.npz,/content/gdrive/MyDrive/CareWave_Round4_Reextract/model_ready_315/train/yena_fall_stay_down_03_model_ready.npz,124,315,33,-3.792128324508667,9.141757011413574,0.07564856112003326,0.39695942401885986,completed,,0.03131866455078125
yena_fall_stay_down_04,train,/content/gdrive/MyDrive/CareWave_Round4_Reextract/synchronized_315/train/yena_fall_stay_down_04_synchronized_315.npz,/content/gdrive/MyDrive/CareWave_Round4_Reextract/model_ready_315/train/yena_fall_stay_down_04_model_ready.npz,126,315,33,-4.07379150390625,8.534709930419922,0.08834080398082733,0.39889729022979736,completed,,0.03139901161193848
yena_fall_stay_down_05,train,/content/gdrive/MyDrive/CareWave_Round4_Reextract/synchronized_315/train/yena_fall_stay_down_05_synchronized_315.npz,/content/gdrive/MyDrive/CareWave_Round4_Reextract/model_ready_315/train/yena_fall_stay_down_05_model_ready.npz,125,315,33,-3.753023862838745,9.526509284973145,0.08689924329519272,0.4063957631587982,completed,,0.04105997085571289
yena_free_activity_normal_01,train,/content/gdrive/MyDrive/CareWave_Round4_Reextract/synchronized_315/train/yena_free_activity_normal_01_synchronized_315.npz,/content/gdrive/MyDrive/CareWave_Round4_Reextract/model_ready_315/train/yena_free_activity_normal_01_model_ready.npz,1799,315,33,-3.7588727474212646,8.465473175048828,0.1351711004972458,0.6773770451545715,completed,,0.29463624954223633
yena_free_activity_normal_02,train,/content/gdrive/MyDrive/CareWave_Round4_Reextract/synchronized_315/train/yena_free_activity_normal_02_synchronized_315.npz,/content/gdrive/MyDrive/CareWave_Round4_Reextract/model_ready_315/train/yena_free_activity_normal_02_model_ready.npz,3007,315,33,-3.226884126663208,4.531129837036133,0.282683402299881,0.546078622341156,completed,,0.493924617767334
yena_pick_up_normal_01,train,/content/gdrive/MyDrive/CareWave_Round4_Reextract/synchronized_315/train/yena_pick_up_normal_01_synchronized_315.npz,/content/gdrive/MyDrive/CareWave_Round4_Reextract/model_ready_315/train/yena_pick_up_normal_01_model_ready.npz,1801,315,33,-4.853423595428467,8.398983001708984,0.057622577995061874,0.35704177618026733,completed,,0.317547082901001
yena_pick_up_normal_02,train,/content/gdrive/MyDrive/CareWave_Round4_Reextract/synchronized_315/train/yena_pick_up_normal_02_synchronized_315.npz,/content/gdrive/MyDrive/CareWave_Round4_Reextract/model_ready_315/train/yena_pick_up_normal_02_model_ready.npz,139,315,33,-4.291815280914307,9.169058799743652,0.07714864611625671,0.40300339460372925,completed,,0.05053424835205078
yena_pick_up_normal_04,train,/content/gdrive/MyDrive/CareWave_Round4_Reextract/synchronized_315/train/yena_pick_up_normal_04_synchronized_315.npz,/content/gdrive/MyDrive/CareWave_Round4_Reextract/model_ready_315/train/yena_pick_up_normal_04_model_ready.npz,117,315,33,-3.672259569168091,9.078073501586914,0.08024965971708298,0.41289931535720825,completed,,0.029328346252441406
yena_pick_up_normal_05,train,/content/gdrive/MyDrive/CareWave_Round4_Reextract/synchronized_315/train/yena_pick_up_normal_05_synchronized_315.npz,/content/gdrive/MyDrive/CareWave_Round4_Reextract/model_ready_315/train/yena_pick_up_normal_05_model_ready.npz,134,315,33,-3.690419912338257,9.127888679504395,0.24842055141925812,0.41694360971450806,completed,,0.03341484069824219
yena_pick_up_normal_06,train,/content/gdrive/MyDrive/CareWave_Round4_Reextract/synchronized_315/train/yena_pick_up_normal_06_synchronized_315.npz,/content/gdrive/MyDrive/CareWave_Round4_Reextract/model_ready_315/train/yena_pick_up_normal_06_model_ready.npz,127,315,33,-5.733809471130371,9.336919784545898,0.21582798659801483,0.4248403310775757,completed,,0.030354022979736328
yena_pick_up_normal_07,train,/content/gdrive/MyDrive/CareWave_Round4_Reextract/synchronized_315/train/yena_pick_up_normal_07_synchronized_315.npz,/content/gdrive/MyDrive/CareWave_Round4_Reextract/model_ready_315/train/yena_pick_up_normal_07_model_ready.npz,128,315,33,-4.047574996948242,8.573206901550293,0.1144523173570633,0.40961480140686035,completed,,0.031847238540649414
yena_pick_up_normal_08,train,/content/gdrive/MyDrive/CareWave_Round4_Reextract/synchronized_315/train/yena_pick_up_normal_08_synchronized_315.npz,/content/gdrive/MyDrive/CareWave_Round4_Reextract/model_ready_315/train/yena_pick_up_normal_08_model_ready.npz,127,315,33,-4.200095176696777,9.851274490356445,0.07306116819381714,0.41683340072631836,completed,,0.05279970169067383
yena_pick_up_normal_09,train,/content/gdrive/MyDrive/CareWave_Round4_Reextract/synchronized_315/train/yena_pick_up_normal_09_synchronized_315.npz,/content/gdrive/MyDrive/CareWave_Round4_Reextract/model_ready_315/train/yena_pick_up_normal_09_model_ready.npz,128,315,33,-4.200095176696777,7.848846435546875,0.10494007170200348,0.5020283460617065,completed,,0.03343653678894043
yena_pick_up_normal_10,train,/content/gdrive/MyDrive/CareWave_Round4_Reextract/synchronized_315/train/yena_pick_up_normal_10_synchronized_315.npz,/content/gdrive/MyDrive/CareWave_Round4_Reextract/model_ready_315/train/yena_pick_up_normal_10_model_ready.npz,129,315,33,-4.752920150756836,8.37876033782959,0.07500965148210526,0.3832111358642578,completed,,0.03303074836730957
yena_pick_up_normal_11,train,/content/gdrive/MyDrive/CareWave_Round4_Reextract/synchronized_315/train/yena_pick_up_normal_11_synchronized_315.npz,/content/gdrive/MyDrive/CareWave_Round4_Reextract/model_ready_315/train/yena_pick_up_normal_11_model_ready.npz,122,315,33,-3.1879653930664062,8.362896919250488,0.08291497081518173,0.43016311526298523,completed,,0.03409743309020996
yena_pick_up_variation_01,train,/content/gdrive/MyDrive/CareWave_Round4_Reextract/synchronized_315/train/yena_pick_up_variation_01_synchronized_315.npz,/content/gdrive/MyDrive/CareWave_Round4_Reextract/model_ready_315/train/yena_pick_up_variation_01_model_ready.npz,1799,315,33,-2.6115875244140625,3.770510196685791,0.06704946607351303,0.3651207685470581,completed,,0.4582853317260742
yena_pick_up_variation_04,train,/content/gdrive/MyDrive/CareWave_Round4_Reextract/synchronized_315/train/yena_pick_up_variation_04_synchronized_315.npz,/content/gdrive/MyDrive/CareWave_Round4_Reextract/model_ready_315/train/yena_pick_up_variation_04_model_ready.npz,122,315,33,-3.2732937335968018,8.978888511657715,0.08202240616083145,0.3776037395000458,completed,,0.03452587127685547
yena_pick_up_variation_05,train,/content/gdrive/MyDrive/CareWave_Round4_Reextract/synchronized_315/train/yena_pick_up_variation_05_synchronized_315.npz,/content/gdrive/MyDrive/CareWave_Round4_Reextract/model_ready_315/train/yena_pick_up_variation_05_model_ready.npz,100,315,33,-3.2777347564697266,8.335155487060547,0.08522968739271164,0.3900049328804016,completed,,0.03252053260803223
yena_sit_move_normal_01,train,/content/gdrive/MyDrive/CareWave_Round4_Reextract/synchronized_315/train/yena_sit_move_normal_01_synchronized_315.npz,/content/gdrive/MyDrive/CareWave_Round4_Reextract/model_ready_315/train/yena_sit_move_normal_01_model_ready.npz,1813,315,33,-3.744455337524414,8.26904582977295,0.2123507261276245,0.4445810914039612,completed,,0.3077261447906494
yena_sit_normal_02,train,/content/gdrive/MyDrive/CareWave_Round4_Reextract/synchronized_315/train/yena_sit_normal_02_synchronized_315.npz,/content/gdrive/MyDrive/CareWave_Round4_Reextract/model_ready_315/train/yena_sit_normal_02_model_ready.npz,135,315,33,-2.9978723526000977,5.163224697113037,0.25283870100975037,0.43113163113594055,completed,,0.035486459732055664
yena_sit_normal_03,train,/content/gdrive/MyDrive/CareWave_Round4_Reextract/synchronized_315/train/yena_sit_normal_03_synchronized_315.npz,/content/gdrive/MyDrive/CareWave_Round4_Reextract/model_ready_315/train/yena_sit_normal_03_model_ready.npz,128,315,33,-2.8410966396331787,6.792219161987305,0.2240416407585144,0.4236656725406647,completed,,0.11040544509887695
yena_sit_normal_04,train,/content/gdrive/MyDrive/CareWave_Round4_Reextract/synchronized_315/train/yena_sit_normal_04_synchronized_315.npz,/content/gdrive/MyDrive/CareWave_Round4_Reextract/model_ready_315/train/yena_sit_normal_04_model_ready.npz,125,315,33,-3.2876996994018555,6.297242641448975,0.24176956713199615,0.41727012395858765,completed,,0.09624123573303223
yena_sit_normal_06,train,/content/gdrive/MyDrive/CareWave_Round4_Reextract/synchronized_315/train/yena_sit_normal_06_synchronized_315.npz,/content/gdrive/MyDrive/CareWave_Round4_Reextract/model_ready_315/train/yena_sit_normal_06_model_ready.npz,130,315,33,-3.0291497707366943,6.087292671203613,0.21616019308567047,0.43478572368621826,completed,,0.030431270599365234
yena_sit_normal_07,train,/content/gdrive/MyDrive/CareWave_Round4_Reextract/synchronized_315/train/yena_sit_normal_07_synchronized_315.npz,/content/gdrive/MyDrive/CareWave_Round4_Reextract/model_ready_315/train/yena_sit_normal_07_model_ready.npz,126,315,33,-2.717054605484009,5.299441814422607,0.19454756379127502,0.40115395188331604,completed,,0.03262782096862793
yena_sit_normal_08,train,/content/gdrive/MyDrive/CareWave_Round4_Reextract/synchronized_315/train/yena_sit_normal_08_synchronized_315.npz,/content/gdrive/MyDrive/CareWave_Round4_Reextract/model_ready_315/train/yena_sit_normal_08_model_ready.npz,135,315,33,-4.468811511993408,7.20212984085083,0.31110402941703796,0.4382835626602173,completed,,0.030998706817626953
yena_sit_normal_09,train,/content/gdrive/MyDrive/CareWave_Round4_Reextract/synchronized_315/train/yena_sit_normal_09_synchronized_315.npz,/content/gdrive/MyDrive/CareWave_Round4_Reextract/model_ready_315/train/yena_sit_normal_09_model_ready.npz,123,315,33,-3.211334705352783,6.0864176750183105,0.38483181595802307,0.5555244088172913,completed,,0.030639171600341797
yena_sit_to_stand_normal_01,train,/content/gdrive/MyDrive/CareWave_Round4_Reextract/synchronized_315/train/yena_sit_to_stand_normal_01_synchronized_315.npz,/content/gdrive/MyDrive/CareWave_Round4_Reextract/model_ready_315/train/yena_sit_to_stand_normal_01_model_ready.npz,122,315,33,-4.694736480712891,6.027123928070068,0.2676957845687866,0.4703730642795563,completed,,0.03142046928405762
yena_sit_to_stand_normal_02,train,/content/gdrive/MyDrive/CareWave_Round4_Reextract/synchronized_315/train/yena_sit_to_stand_normal_02_synchronized_315.npz,/content/gdrive/MyDrive/CareWave_Round4_Reextract/model_ready_315/train/yena_sit_to_stand_normal_02_model_ready.npz,133,315,33,-4.011022567749023,7.584458827972412,0.26830869913101196,0.4740687906742096,completed,,0.031732797622680664
yena_sit_to_stand_normal_03,train,/content/gdrive/MyDrive/CareWave_Round4_Reextract/synchronized_315/train/yena_sit_to_stand_normal_03_synchronized_315.npz,/content/gdrive/MyDrive/CareWave_Round4_Reextract/model_ready_315/train/yena_sit_to_stand_normal_03_model_ready.npz,124,315,33,-3.220249652862549,7.314937114715576,0.2700401842594147,0.4689693748950958,completed,,0.037378787994384766
yena_sit_to_stand_normal_04,train,/content/gdrive/MyDrive/CareWave_Round4_Reextract/synchronized_315/train/yena_sit_to_stand_normal_04_synchronized_315.npz,/content/gdrive/MyDrive/CareWave_Round4_Reextract/model_ready_315/train/yena_sit_to_stand_normal_04_model_ready.npz,118,315,33,-3.338897466659546,8.415881156921387,0.23448927700519562,0.551804780960083,completed,,0.03360271453857422
yena_slow_lie_down_01,train,/content/gdrive/MyDrive/CareWave_Round4_Reextract/synchronized_315/train/yena_slow_lie_down_01_synchronized_315.npz,/content/gdrive/MyDrive/CareWave_Round4_Reextract/model_ready_315/train/yena_slow_lie_down_01_model_ready.npz,1801,315,33,-3.2926361560821533,4.883864402770996,0.14800918102264404,0.4188058078289032,completed,,0.3420116901397705
yena_stand_normal_01,train,/content/gdrive/MyDrive/CareWave_Round4_Reextract/synchronized_315/train/yena_stand_normal_01_synchronized_315.npz,/content/gdrive/MyDrive/CareWave_Round4_Reextract/model_ready_315/train/yena_stand_normal_01_model_ready.npz,627,315,33,-3.20473313331604,5.940393447875977,0.3419923484325409,0.37013915181159973,completed,,0.21656370162963867
yena_stand_normal_02,train,/content/gdrive/MyDrive/CareWave_Round4_Reextract/synchronized_315/train/yena_stand_normal_02_synchronized_315.npz,/content/gdrive/MyDrive/CareWave_Round4_Reextract/model_ready_315/train/yena_stand_normal_02_model_ready.npz,103,315,33,-2.955003023147583,5.667948246002197,0.3693807125091553,0.38560250401496887,completed,,0.03465700149536133
yena_stand_normal_04,train,/content/gdrive/MyDrive/CareWave_Round4_Reextract/synchronized_315/train/yena_stand_normal_04_synchronized_315.npz,/content/gdrive/MyDrive/CareWave_Round4_Reextract/model_ready_315/train/yena_stand_normal_04_model_ready.npz,126,315,33,-3.406419277191162,5.46022891998291,0.3526988923549652,0.4053225517272949,completed,,0.03143119812011719
yena_stand_normal_05,train,/content/gdrive/MyDrive/CareWave_Round4_Reextract/synchronized_315/train/yena_stand_normal_05_synchronized_315.npz,/content/gdrive/MyDrive/CareWave_Round4_Reextract/model_ready_315/train/yena_stand_normal_05_model_ready.npz,127,315,33,-3.027071714401245,5.4801926612854,0.3559560179710388,0.4238136410713196,completed,,0.0372920036315918
yena_stand_normal_06,train,/content/gdrive/MyDrive/CareWave_Round4_Reextract/synchronized_315/train/yena_stand_normal_06_synchronized_315.npz,/content/gdrive/MyDrive/CareWave_Round4_Reextract/model_ready_315/train/yena_stand_normal_06_model_ready.npz,126,315,33,-3.010096788406372,5.617006301879883,0.36989256739616394,0.3947214186191559,completed,,0.04138684272766113
yena_stand_normal_07,train,/content/gdrive/MyDrive/CareWave_Round4_Reextract/synchronized_315/train/yena_stand_normal_07_synchronized_315.npz,/content/gdrive/MyDrive/CareWave_Round4_Reextract/model_ready_315/train/yena_stand_normal_07_model_ready.npz,127,315,33,-2.7750496864318848,5.260522842407227,0.35810303688049316,0.38768941164016724,completed,,0.046732187271118164
yena_stand_normal_08,train,/content/gdrive/MyDrive/CareWave_Round4_Reextract/synchronized_315/train/yena_stand_normal_08_synchronized_315.npz,/content/gdrive/MyDrive/CareWave_Round4_Reextract/model_ready_315/train/yena_stand_normal_08_model_ready.npz,124,315,33,-3.0777530670166016,5.530730724334717,0.3684547543525696,0.3877808153629303,completed,,0.03940224647521973
yena_stand_normal_10,train,/content/gdrive/MyDrive/CareWave_Round4_Reextract/synchronized_315/train/yena_stand_normal_10_synchronized_315.npz,/content/gdrive/MyDrive/CareWave_Round4_Reextract/model_ready_315/train/yena_stand_normal_10_model_ready.npz,122,315,33,-4.071317672729492,6.205310821533203,0.3890639841556549,0.40877842903137207,completed,,0.03841376304626465
yena_walk_normal_02,train,/content/gdrive/MyDrive/CareWave_Round4_Reextract/synchronized_315/train/yena_walk_normal_02_synchronized_315.npz,/content/gdrive/MyDrive/CareWave_Round4_Reextract/model_ready_315/train/yena_walk_normal_02_model_ready.npz,134,315,33,-6.124715805053711,7.711601734161377,0.36677348613739014,0.4275355041027069,completed,,0.04848909378051758
yena_walk_normal_03,train,/content/gdrive/MyDrive/CareWave_Round4_Reextract/synchronized_315/train/yena_walk_normal_03_synchronized_315.npz,/content/gdrive/MyDrive/CareWave_Round4_Reextract/model_ready_315/train/yena_walk_normal_03_model_ready.npz,125,315,33,-3.621793508529663,7.705158710479736,0.26979026198387146,0.5389149188995361,completed,,0.03133392333984375
yena_walk_normal_04,train,/content/gdrive/MyDrive/CareWave_Round4_Reextract/synchronized_315/train/yena_walk_normal_04_synchronized_315.npz,/content/gdrive/MyDrive/CareWave_Round4_Reextract/model_ready_315/train/yena_walk_normal_04_model_ready.npz,130,315,33,-3.535281181335449,7.550349712371826,0.30424967408180237,0.6002482175827026,completed,,0.043437957763671875
yena_walk_normal_05,train,/content/gdrive/MyDrive/CareWave_Round4_Reextract/synchronized_315/train/yena_walk_normal_05_synchronized_315.npz,/content/gdrive/MyDrive/CareWave_Round4_Reextract/model_ready_315/train/yena_walk_normal_05_model_ready.npz,135,315,33,-3.371412992477417,7.1425371170043945,0.30419260263442993,0.4420374631881714,completed,,0.04612874984741211
yena_walk_normal_06,train,/content/gdrive/MyDrive/CareWave_Round4_Reextract/synchronized_315/train/yena_walk_normal_06_synchronized_315.npz,/content/gdrive/MyDrive/CareWave_Round4_Reextract/model_ready_315/train/yena_walk_normal_06_model_ready.npz,133,315,33,-3.7351784706115723,6.518167495727539,0.35648542642593384,0.5281643271446228,completed,,0.038759469985961914
yena_walk_normal_07,train,/content/gdrive/MyDrive/CareWave_Round4_Reextract/synchronized_315/train/yena_walk_normal_07_synchronized_315.npz,/content/gdrive/MyDrive/CareWave_Round4_Reextract/model_ready_315/train/yena_walk_normal_07_model_ready.npz,133,315,33,-3.462029218673706,7.415939807891846,0.3149440884590149,0.5671153664588928,completed,,0.04065704345703125
yena_walk_normal_08,train,/content/gdrive/MyDrive/CareWave_Round4_Reextract/synchronized_315/train/yena_walk_normal_08_synchronized_315.npz,/content/gdrive/MyDrive/CareWave_Round4_Reextract/model_ready_315/train/yena_walk_normal_08_model_ready.npz,126,315,33,-3.3553740978240967,7.643630504608154,0.298601895570755,0.5951969623565674,completed,,0.04273653030395508
yena_walk_normal_09,train,/content/gdrive/MyDrive/CareWave_Round4_Reextract/synchronized_315/train/yena_walk_normal_09_synchronized_315.npz,/content/gdrive/MyDrive/CareWave_Round4_Reextract/model_ready_315/train/yena_walk_normal_09_model_ready.npz,135,315,33,-3.4145548343658447,7.273552894592285,0.3094140887260437,0.5825225114822388,completed,,0.035478830337524414
yena_walk_normal_10,train,/content/gdrive/MyDrive/CareWave_Round4_Reextract/synchronized_315/train/yena_walk_normal_10_synchronized_315.npz,/content/gdrive/MyDrive/CareWave_Round4_Reextract/model_ready_315/train/yena_walk_normal_10_model_ready.npz,139,315,33,-4.406803131103516,7.881945610046387,0.3092971742153168,0.5378511548042297,completed,,0.034470558166503906
yena_walk_normal_11,train,/content/gdrive/MyDrive/CareWave_Round4_Reextract/synchronized_315/train/yena_walk_normal_11_synchronized_315.npz,/content/gdrive/MyDrive/CareWave_Round4_Reextract/model_ready_315/train/yena_walk_normal_11_model_ready.npz,132,315,33,-3.4027161598205566,7.361964702606201,0.31007444858551025,0.5539339780807495,completed,,0.03634357452392578
yena_walk_normal_12,train,/content/gdrive/MyDrive/CareWave_Round4_Reextract/synchronized_315/train/yena_walk_normal_12_synchronized_315.npz,/content/gdrive/MyDrive/CareWave_Round4_Reextract/model_ready_315/train/yena_walk_normal_12_model_ready.npz,128,315,33,-3.1705398559570312,7.1585259437561035,0.3427879810333252,0.6015656590461731,completed,,0.03898143768310547
yena_walk_normal_13,train,/content/gdrive/MyDrive/CareWave_Round4_Reextract/synchronized_315/train/yena_walk_normal_13_synchronized_315.npz,/content/gdrive/MyDrive/CareWave_Round4_Reextract/model_ready_315/train/yena_walk_normal_13_model_ready.npz,128,315,33,-3.678272008895874,7.929665565490723,0.29562920331954956,0.4105778932571411,completed,,0.03719043731689453
hoyeon_lie_down_normal_01,validation,/content/gdrive/MyDrive/CareWave_Round4_Reextract/synchronized_315/train/hoyeon_lie_down_normal_01_synchronized_315.npz,/content/gdrive/MyDrive/CareWave_Round4_Reextract/model_ready_315/validation/hoyeon_lie_down_normal_01_model_ready.npz,1796,315,33,-4.045290470123291,5.160432815551758,0.19216372072696686,0.23870457708835602,completed,,0.2694988250732422
sujin_fall_normal_04,validation,/content/gdrive/MyDrive/CareWave_Round4_Reextract/synchronized_315/train/sujin_fall_normal_04_synchronized_315.npz,/content/gdrive/MyDrive/CareWave_Round4_Reextract/model_ready_315/validation/sujin_fall_normal_04_model_ready.npz,126,315,33,-3.2195873260498047,6.403634548187256,0.06446683406829834,0.33585575222969055,completed,,0.03319883346557617
sujin_fall_normal_05,validation,/content/gdrive/MyDrive/CareWave_Round4_Reextract/synchronized_315/train/sujin_fall_normal_05_synchronized_315.npz,/content/gdrive/MyDrive/CareWave_Round4_Reextract/model_ready_315/validation/sujin_fall_normal_05_model_ready.npz,127,315,33,-3.1940979957580566,7.757776737213135,0.05000000074505806,0.330388605594635,completed,,0.031275033950805664
sujin_fall_stay_down_03,validation,/content/gdrive/MyDrive/CareWave_Round4_Reextract/synchronized_315/train/sujin_fall_stay_down_03_synchronized_315.npz,/content/gdrive/MyDrive/CareWave_Round4_Reextract/model_ready_315/validation/sujin_fall_stay_down_03_model_ready.npz,100,315,33,-2.9467697143554688,5.660370349884033,0.0788760706782341,0.3324100971221924,completed,,0.027055025100708008
sujin_fall_stay_down_04,validation,/content/gdrive/MyDrive/CareWave_Round4_Reextract/synchronized_315/train/sujin_fall_stay_down_04_synchronized_315.npz,/content/gdrive/MyDrive/CareWave_Round4_Reextract/model_ready_315/validation/sujin_fall_stay_down_04_model_ready.npz,101,315,33,-3.064628839492798,4.441525936126709,0.18028856813907623,0.320901095867157,completed,,0.027548551559448242
sujin_free_activity_normal_01,validation,/content/gdrive/MyDrive/CareWave_Round4_Reextract/synchronized_315/train/sujin_free_activity_normal_01_synchronized_315.npz,/content/gdrive/MyDrive/CareWave_Round4_Reextract/model_ready_315/validation/sujin_free_activity_normal_01_model_ready.npz,1800,315,33,-3.4870522022247314,5.472368240356445,0.0734836757183075,0.6022840738296509,completed,,0.23244023323059082
sujin_pick_up_normal_01,validation,/content/gdrive/MyDrive/CareWave_Round4_Reextract/synchronized_315/train/sujin_pick_up_normal_01_synchronized_315.npz,/content/gdrive/MyDrive/CareWave_Round4_Reextract/model_ready_315/validation/sujin_pick_up_normal_01_model_ready.npz,1802,315,33,-2.939520835876465,5.598342418670654,0.06320422142744064,0.4407629668712616,completed,,0.2756080627441406
sujin_pick_up_normal_12,validation,/content/gdrive/MyDrive/CareWave_Round4_Reextract/synchronized_315/train/sujin_pick_up_normal_12_synchronized_315.npz,/content/gdrive/MyDrive/CareWave_Round4_Reextract/model_ready_315/validation/sujin_pick_up_normal_12_model_ready.npz,128,315,33,-3.2623658180236816,8.895631790161133,0.058897461742162704,0.32808738946914673,completed,,0.03331804275512695
sujin_sit_normal_02,validation,/content/gdrive/MyDrive/CareWave_Round4_Reextract/synchronized_315/train/sujin_sit_normal_02_synchronized_315.npz,/content/gdrive/MyDrive/CareWave_Round4_Reextract/model_ready_315/validation/sujin_sit_normal_02_model_ready.npz,126,315,33,-3.8745462894439697,7.033693790435791,0.2568657398223877,0.36181163787841797,completed,,0.030440330505371094
sujin_sit_to_stand_normal_02,validation,/content/gdrive/MyDrive/CareWave_Round4_Reextract/synchronized_315/train/sujin_sit_to_stand_normal_02_synchronized_315.npz,/content/gdrive/MyDrive/CareWave_Round4_Reextract/model_ready_315/validation/sujin_sit_to_stand_normal_02_model_ready.npz,1801,315,33,-2.5373857021331787,4.316954135894775,0.19321994483470917,0.36461034417152405,completed,,0.22783327102661133
sujin_sit_to_stand_normal_06,validation,/content/gdrive/MyDrive/CareWave_Round4_Reextract/synchronized_315/train/sujin_sit_to_stand_normal_06_synchronized_315.npz,/content/gdrive/MyDrive/CareWave_Round4_Reextract/model_ready_315/validation/sujin_sit_to_stand_normal_06_model_ready.npz,125,315,33,-2.8092212677001953,5.823067665100098,0.2456841766834259,0.4277094006538391,completed,,0.03021717071533203
sujin_slow_lie_down_01,validation,/content/gdrive/MyDrive/CareWave_Round4_Reextract/synchronized_315/train/sujin_slow_lie_down_01_synchronized_315.npz,/content/gdrive/MyDrive/CareWave_Round4_Reextract/model_ready_315/validation/sujin_slow_lie_down_01_model_ready.npz,1782,315,33,-3.4828996658325195,6.440831184387207,0.05000000074505806,0.34502512216567993,completed,,0.2498478889465332
sujin_stand_normal_06,validation,/content/gdrive/MyDrive/CareWave_Round4_Reextract/synchronized_315/train/sujin_stand_normal_06_synchronized_315.npz,/content/gdrive/MyDrive/CareWave_Round4_Reextract/model_ready_315/validation/sujin_stand_normal_06_model_ready.npz,129,315,33,-2.71960186958313,7.2856364250183105,0.30165714025497437,0.3458265960216522,completed,,0.03365159034729004
sujin_walk_normal_06,validation,/content/gdrive/MyDrive/CareWave_Round4_Reextract/synchronized_315/train/sujin_walk_normal_06_synchronized_315.npz,/content/gdrive/MyDrive/CareWave_Round4_Reextract/model_ready_315/validation/sujin_walk_normal_06_model_ready.npz,127,315,33,-6.209691047668457,6.327670097351074,0.2615301311016083,0.3908871114253998,completed,,0.030516624450683594
sujin_walk_normal_07,validation,/content/gdrive/MyDrive/CareWave_Round4_Reextract/synchronized_315/train/sujin_walk_normal_07_synchronized_315.npz,/content/gdrive/MyDrive/CareWave_Round4_Reextract/model_ready_315/validation/sujin_walk_normal_07_model_ready.npz,126,315,33,-2.856597900390625,9.885821342468262,0.27785903215408325,0.4265837073326111,completed,,0.02969527244567871
sujin_walk_normal_13,validation,/content/gdrive/MyDrive/CareWave_Round4_Reextract/synchronized_315/train/sujin_walk_normal_13_synchronized_315.npz,/content/gdrive/MyDrive/CareWave_Round4_Reextract/model_ready_315/validation/sujin_walk_normal_13_model_ready.npz,130,315,33,-3.3979642391204834,6.7019548416137695,0.2852708399295807,0.4696248471736908,completed,,0.031228065490722656
yena_bending_normal_01,validation,/content/gdrive/MyDrive/CareWave_Round4_Reextract/synchronized_315/train/yena_bending_normal_01_synchronized_315.npz,/content/gdrive/MyDrive/CareWave_Round4_Reextract/model_ready_315/validation/yena_bending_normal_01_model_ready.npz,1807,315,33,-4.934172630310059,8.865371704101562,0.07193838059902191,0.3751092553138733,completed,,0.23626184463500977
yena_chair_sit_variation_01,validation,/content/gdrive/MyDrive/CareWave_Round4_Reextract/synchronized_315/train/yena_chair_sit_variation_01_synchronized_315.npz,/content/gdrive/MyDrive/CareWave_Round4_Reextract/model_ready_315/validation/yena_chair_sit_variation_01_model_ready.npz,1798,315,33,-2.440657377243042,3.9138009548187256,0.17953898012638092,0.3947899043560028,completed,,0.25652480125427246
yena_fall_normal_08,validation,/content/gdrive/MyDrive/CareWave_Round4_Reextract/synchronized_315/train/yena_fall_normal_08_synchronized_315.npz,/content/gdrive/MyDrive/CareWave_Round4_Reextract/model_ready_315/validation/yena_fall_normal_08_model_ready.npz,128,315,33,-3.7510316371917725,9.371920585632324,0.13404801487922668,0.44288912415504456,completed,,0.03697037696838379
yena_fall_normal_12,validation,/content/gdrive/MyDrive/CareWave_Round4_Reextract/synchronized_315/train/yena_fall_normal_12_synchronized_315.npz,/content/gdrive/MyDrive/CareWave_Round4_Reextract/model_ready_315/validation/yena_fall_normal_12_model_ready.npz,124,315,33,-3.9108757972717285,9.02956771850586,0.16242408752441406,0.4465433359146118,completed,,0.031391143798828125
yena_fall_normal_14,validation,/content/gdrive/MyDrive/CareWave_Round4_Reextract/synchronized_315/train/yena_fall_normal_14_synchronized_315.npz,/content/gdrive/MyDrive/CareWave_Round4_Reextract/model_ready_315/validation/yena_fall_normal_14_model_ready.npz,122,315,33,-3.662224531173706,9.044012069702148,0.11904194205999374,0.4515781104564667,completed,,0.028131961822509766
yena_pick_up_normal_03,validation,/content/gdrive/MyDrive/CareWave_Round4_Reextract/synchronized_315/train/yena_pick_up_normal_03_synchronized_315.npz,/content/gdrive/MyDrive/CareWave_Round4_Reextract/model_ready_315/validation/yena_pick_up_normal_03_model_ready.npz,131,315,33,-5.05586051940918,8.838482856750488,0.10593307763338089,0.42479437589645386,completed,,0.03218960762023926
yena_pick_up_variation_02,validation,/content/gdrive/MyDrive/CareWave_Round4_Reextract/synchronized_315/train/yena_pick_up_variation_02_synchronized_315.npz,/content/gdrive/MyDrive/CareWave_Round4_Reextract/model_ready_315/validation/yena_pick_up_variation_02_model_ready.npz,138,315,33,-3.8470027446746826,10.0,0.07680248469114304,0.3808353543281555,completed,,0.04293537139892578
yena_pick_up_variation_03,validation,/content/gdrive/MyDrive/CareWave_Round4_Reextract/synchronized_315/train/yena_pick_up_variation_03_synchronized_315.npz,/content/gdrive/MyDrive/CareWave_Round4_Reextract/model_ready_315/validation/yena_pick_up_variation_03_model_ready.npz,133,315,33,-3.965021848678589,9.965033531188965,0.06675943732261658,0.3714444935321808,completed,,0.04127192497253418
yena_sit_normal_01,validation,/content/gdrive/MyDrive/CareWave_Round4_Reextract/synchronized_315/train/yena_sit_normal_01_synchronized_315.npz,/content/gdrive/MyDrive/CareWave_Round4_Reextract/model_ready_315/validation/yena_sit_normal_01_model_ready.npz,1204,315,33,-4.312669277191162,5.833423137664795,0.2974272072315216,0.4116760194301605,completed,,0.1853954792022705
yena_sit_normal_05,validation,/content/gdrive/MyDrive/CareWave_Round4_Reextract/synchronized_315/train/yena_sit_normal_05_synchronized_315.npz,/content/gdrive/MyDrive/CareWave_Round4_Reextract/model_ready_315/validation/yena_sit_normal_05_model_ready.npz,130,315,33,-3.171128988265991,7.285755157470703,0.22414149343967438,0.4329487085342407,completed,,0.03401684761047363
yena_stand_normal_03,validation,/content/gdrive/MyDrive/CareWave_Round4_Reextract/synchronized_315/train/yena_stand_normal_03_synchronized_315.npz,/content/gdrive/MyDrive/CareWave_Round4_Reextract/model_ready_315/validation/yena_stand_normal_03_model_ready.npz,128,315,33,-3.195678949356079,6.050515174865723,0.36482828855514526,0.39004695415496826,completed,,0.030574321746826172
yena_stand_normal_09,validation,/content/gdrive/MyDrive/CareWave_Round4_Reextract/synchronized_315/train/yena_stand_normal_09_synchronized_315.npz,/content/gdrive/MyDrive/CareWave_Round4_Reextract/model_ready_315/validation/yena_stand_normal_09_model_ready.npz,123,315,33,-3.2203240394592285,6.276041507720947,0.34245437383651733,0.35670366883277893,completed,,0.03486752510070801
yena_stand_normal_11,validation,/content/gdrive/MyDrive/CareWave_Round4_Reextract/synchronized_315/train/yena_stand_normal_11_synchronized_315.npz,/content/gdrive/MyDrive/CareWave_Round4_Reextract/model_ready_315/validation/yena_stand_normal_11_model_ready.npz,124,315,33,-2.8402228355407715,5.647944927215576,0.3762131631374359,0.39753007888793945,completed,,0.03055858612060547
yena_walk_normal_01,validation,/content/gdrive/MyDrive/CareWave_Round4_Reextract/synchronized_315/train/yena_walk_normal_01_synchronized_315.npz,/content/gdrive/MyDrive/CareWave_Round4_Reextract/model_ready_315/validation/yena_walk_normal_01_model_ready.npz,1230,315,33,-4.694736480712891,6.792411804199219,0.2947025001049042,0.6146626472473145,completed,,0.17471647262573242
hoyeon_test_04,test,/content/gdrive/MyDrive/CareWave_Round4_Reextract/synchronized_315/test/hoyeon_test_04_synchronized_315.npz,/content/gdrive/MyDrive/CareWave_Round4_Reextract/model_ready_315/test/hoyeon_test_04_model_ready.npz,1198,315,33,-3.4894907474517822,5.6164631843566895,0.05730423331260681,0.5142983794212341,completed,,0.15691566467285156
sujin_test_03,test,/content/gdrive/MyDrive/CareWave_Round4_Reextract/synchronized_315/test/sujin_test_03_synchronized_315.npz,/content/gdrive/MyDrive/CareWave_Round4_Reextract/model_ready_315/test/sujin_test_03_model_ready.npz,1200,315,33,-2.366734266281128,3.558872699737549,0.059064239263534546,0.5360043048858643,completed,,0.16325068473815918
yena_test_02,test,/content/gdrive/MyDrive/CareWave_Round4_Reextract/synchronized_315/test/yena_test_02_synchronized_315.npz,/content/gdrive/MyDrive/CareWave_Round4_Reextract/model_ready_315/test/yena_test_02_model_ready.npz,1197,315,33,-3.13106632232666,3.9729225635528564,0.06809226423501968,0.506758451461792,completed,,0.14780545234680176
yena_test_03,test,/content/gdrive/MyDrive/CareWave_Round4_Reextract/synchronized_315/test/yena_test_03_synchronized_315.npz,/content/gdrive/MyDrive/CareWave_Round4_Reextract/model_ready_315/test/yena_test_03_model_ready.npz,1087,315,33,-4.793632507324219,9.791390419006348,0.07416581362485886,0.565522313117981,completed,,0.2146761417388916
yena_test_04,test,/content/gdrive/MyDrive/CareWave_Round4_Reextract/synchronized_315/test/yena_test_04_synchronized_315.npz,/content/gdrive/MyDrive/CareWave_Round4_Reextract/model_ready_315/test/yena_test_04_model_ready.npz,100,315,33,-3.466076612472534,7.242064952850342,0.05051428824663162,0.4026162922382355,completed,,0.17429542541503906
